"stname","countyfp","state","county","popestimate2019"
"Alabama",1000,1,0,4903185
"Alabama",1001,1,1,55869
"Alabama",1003,1,3,223234
"Alabama",1005,1,5,24686
"Alabama",1007,1,7,22394
"Alabama",1009,1,9,57826
"Alabama",1011,1,11,10101
"Alabama",1013,1,13,19448
"Alabama",1015,1,15,113605
"Alabama",1017,1,17,33254
"Alabama",1019,1,19,26196
"Alabama",1021,1,21,44428
"Alabama",1023,1,23,12589
"Alabama",1025,1,25,23622
"Alabama",1027,1,27,13235
"Alabama",1029,1,29,14910
"Alabama",1031,1,31,52342
"Alabama",1033,1,33,55241
"Alabama",1035,1,35,12067
"Alabama",1037,1,37,10663
"Alabama",1039,1,39,37049
"Alabama",1041,1,41,13772
"Alabama",1043,1,43,83768
"Alabama",1045,1,45,49172
"Alabama",1047,1,47,37196
"Alabama",1049,1,49,71513
"Alabama",1051,1,51,81209
"Alabama",1053,1,53,36633
"Alabama",1055,1,55,102268
"Alabama",1057,1,57,16302
"Alabama",1059,1,59,31362
"Alabama",1061,1,61,26271
"Alabama",1063,1,63,8111
"Alabama",1065,1,65,14651
"Alabama",1067,1,67,17205
"Alabama",1069,1,69,105882
"Alabama",1071,1,71,51626
"Alabama",1073,1,73,658573
"Alabama",1075,1,75,13805
"Alabama",1077,1,77,92729
"Alabama",1079,1,79,32924
"Alabama",1081,1,81,164542
"Alabama",1083,1,83,98915
"Alabama",1085,1,85,9726
"Alabama",1087,1,87,18068
"Alabama",1089,1,89,372909
"Alabama",1091,1,91,18863
"Alabama",1093,1,93,29709
"Alabama",1095,1,95,96774
"Alabama",1097,1,97,413210
"Alabama",1099,1,99,20733
"Alabama",1101,1,101,226486
"Alabama",1103,1,103,119679
"Alabama",1105,1,105,8923
"Alabama",1107,1,107,19930
"Alabama",1109,1,109,33114
"Alabama",1111,1,111,22722
"Alabama",1113,1,113,57961
"Alabama",1115,1,115,89512
"Alabama",1117,1,117,217702
"Alabama",1119,1,119,12427
"Alabama",1121,1,121,79978
"Alabama",1123,1,123,40367
"Alabama",1125,1,125,209355
"Alabama",1127,1,127,63521
"Alabama",1129,1,129,16326
"Alabama",1131,1,131,10373
"Alabama",1133,1,133,23629
"Alaska",2000,2,0,731545
"Alaska",2013,2,13,3337
"Alaska",2016,2,16,5634
"Alaska",2020,2,20,288000
"Alaska",2050,2,50,18386
"Alaska",2060,2,60,836
"Alaska",2068,2,68,2097
"Alaska",2070,2,70,4916
"Alaska",2090,2,90,96849
"Alaska",2100,2,100,2530
"Alaska",2105,2,105,2148
"Alaska",2110,2,110,31974
"Alaska",2122,2,122,58708
"Alaska",2130,2,130,13901
"Alaska",2150,2,150,12998
"Alaska",2158,2,158,8314
"Alaska",2164,2,164,1592
"Alaska",2170,2,170,108317
"Alaska",2180,2,180,10004
"Alaska",2185,2,185,9832
"Alaska",2188,2,188,7621
"Alaska",2195,2,195,3266
"Alaska",2198,2,198,6203
"Alaska",2220,2,220,8493
"Alaska",2230,2,230,1183
"Alaska",2240,2,240,6893
"Alaska",2261,2,261,9202
"Alaska",2275,2,275,2502
"Alaska",2282,2,282,579
"Alaska",2290,2,290,5230
"Arizona",4000,4,0,7278717
"Arizona",4001,4,1,71887
"Arizona",4003,4,3,125922
"Arizona",4005,4,5,143476
"Arizona",4007,4,7,54018
"Arizona",4009,4,9,38837
"Arizona",4011,4,11,9498
"Arizona",4012,4,12,21108
"Arizona",4013,4,13,4485414
"Arizona",4015,4,15,212181
"Arizona",4017,4,17,110924
"Arizona",4019,4,19,1047279
"Arizona",4021,4,21,462789
"Arizona",4023,4,23,46498
"Arizona",4025,4,25,235099
"Arizona",4027,4,27,213787
"Arkansas",5000,5,0,3017804
"Arkansas",5001,5,1,17486
"Arkansas",5003,5,3,19657
"Arkansas",5005,5,5,41932
"Arkansas",5007,5,7,279141
"Arkansas",5009,5,9,37432
"Arkansas",5011,5,11,10763
"Arkansas",5013,5,13,5189
"Arkansas",5015,5,15,28380
"Arkansas",5017,5,17,10118
"Arkansas",5019,5,19,22320
"Arkansas",5021,5,21,14551
"Arkansas",5023,5,23,24919
"Arkansas",5025,5,25,7956
"Arkansas",5027,5,27,23457
"Arkansas",5029,5,29,20846
"Arkansas",5031,5,31,110332
"Arkansas",5033,5,33,63257
"Arkansas",5035,5,35,47955
"Arkansas",5037,5,37,16419
"Arkansas",5039,5,39,7009
"Arkansas",5041,5,41,11361
"Arkansas",5043,5,43,18219
"Arkansas",5045,5,45,126007
"Arkansas",5047,5,47,17715
"Arkansas",5049,5,49,12477
"Arkansas",5051,5,51,99386
"Arkansas",5053,5,53,18265
"Arkansas",5055,5,55,45325
"Arkansas",5057,5,57,21532
"Arkansas",5059,5,59,33771
"Arkansas",5061,5,61,13202
"Arkansas",5063,5,63,37825
"Arkansas",5065,5,65,13629
"Arkansas",5067,5,67,16719
"Arkansas",5069,5,69,66824
"Arkansas",5071,5,71,26578
"Arkansas",5073,5,73,6624
"Arkansas",5075,5,75,16406
"Arkansas",5077,5,77,8857
"Arkansas",5079,5,79,13024
"Arkansas",5081,5,81,12259
"Arkansas",5083,5,83,21466
"Arkansas",5085,5,85,73309
"Arkansas",5087,5,87,16576
"Arkansas",5089,5,89,16694
"Arkansas",5091,5,91,43257
"Arkansas",5093,5,93,40651
"Arkansas",5095,5,95,6701
"Arkansas",5097,5,97,8986
"Arkansas",5099,5,99,8252
"Arkansas",5101,5,101,7753
"Arkansas",5103,5,103,23382
"Arkansas",5105,5,105,10455
"Arkansas",5107,5,107,17782
"Arkansas",5109,5,109,10718
"Arkansas",5111,5,111,23528
"Arkansas",5113,5,113,19964
"Arkansas",5115,5,115,64072
"Arkansas",5117,5,117,8062
"Arkansas",5119,5,119,391911
"Arkansas",5121,5,121,17958
"Arkansas",5123,5,123,24994
"Arkansas",5125,5,125,122437
"Arkansas",5127,5,127,10281
"Arkansas",5129,5,129,7881
"Arkansas",5131,5,131,127827
"Arkansas",5133,5,133,17007
"Arkansas",5135,5,135,17442
"Arkansas",5137,5,137,12506
"Arkansas",5139,5,139,38682
"Arkansas",5141,5,141,16545
"Arkansas",5143,5,143,239187
"Arkansas",5145,5,145,78753
"Arkansas",5147,5,147,6320
"Arkansas",5149,5,149,21341
"California",6000,6,0,39512223
"California",6001,6,1,1671329
"California",6003,6,3,1129
"California",6005,6,5,39752
"California",6007,6,7,219186
"California",6009,6,9,45905
"California",6011,6,11,21547
"California",6013,6,13,1153526
"California",6015,6,15,27812
"California",6017,6,17,192843
"California",6019,6,19,999101
"California",6021,6,21,28393
"California",6023,6,23,135558
"California",6025,6,25,181215
"California",6027,6,27,18039
"California",6029,6,29,900202
"California",6031,6,31,152940
"California",6033,6,33,64386
"California",6035,6,35,30573
"California",6037,6,37,10039107
"California",6039,6,39,157327
"California",6041,6,41,258826
"California",6043,6,43,17203
"California",6045,6,45,86749
"California",6047,6,47,277680
"California",6049,6,49,8841
"California",6051,6,51,14444
"California",6053,6,53,434061
"California",6055,6,55,137744
"California",6057,6,57,99755
"California",6059,6,59,3175692
"California",6061,6,61,398329
"California",6063,6,63,18807
"California",6065,6,65,2470546
"California",6067,6,67,1552058
"California",6069,6,69,62808
"California",6071,6,71,2180085
"California",6073,6,73,3338330
"California",6075,6,75,881549
"California",6077,6,77,762148
"California",6079,6,79,283111
"California",6081,6,81,766573
"California",6083,6,83,446499
"California",6085,6,85,1927852
"California",6087,6,87,273213
"California",6089,6,89,180080
"California",6091,6,91,3005
"California",6093,6,93,43539
"California",6095,6,95,447643
"California",6097,6,97,494336
"California",6099,6,99,550660
"California",6101,6,101,96971
"California",6103,6,103,65084
"California",6105,6,105,12285
"California",6107,6,107,466195
"California",6109,6,109,54478
"California",6111,6,111,846006
"California",6113,6,113,220500
"California",6115,6,115,78668
"Colorado",8000,8,0,5758736
"Colorado",8001,8,1,517421
"Colorado",8003,8,3,16233
"Colorado",8005,8,5,656590
"Colorado",8007,8,7,14029
"Colorado",8009,8,9,3581
"Colorado",8011,8,11,5577
"Colorado",8013,8,13,326196
"Colorado",8014,8,14,70465
"Colorado",8015,8,15,20356
"Colorado",8017,8,17,1831
"Colorado",8019,8,19,9700
"Colorado",8021,8,21,8205
"Colorado",8023,8,23,3887
"Colorado",8025,8,25,6061
"Colorado",8027,8,27,5068
"Colorado",8029,8,29,31162
"Colorado",8031,8,31,727211
"Colorado",8033,8,33,2055
"Colorado",8035,8,35,351154
"Colorado",8037,8,37,55127
"Colorado",8039,8,39,26729
"Colorado",8041,8,41,720403
"Colorado",8043,8,43,47839
"Colorado",8045,8,45,60061
"Colorado",8047,8,47,6243
"Colorado",8049,8,49,15734
"Colorado",8051,8,51,17462
"Colorado",8053,8,53,820
"Colorado",8055,8,55,6897
"Colorado",8057,8,57,1392
"Colorado",8059,8,59,582881
"Colorado",8061,8,61,1406
"Colorado",8063,8,63,7097
"Colorado",8065,8,65,8127
"Colorado",8067,8,67,56221
"Colorado",8069,8,69,356899
"Colorado",8071,8,71,14506
"Colorado",8073,8,73,5701
"Colorado",8075,8,75,22409
"Colorado",8077,8,77,154210
"Colorado",8079,8,79,769
"Colorado",8081,8,81,13283
"Colorado",8083,8,83,26183
"Colorado",8085,8,85,42758
"Colorado",8087,8,87,29068
"Colorado",8089,8,89,18278
"Colorado",8091,8,91,4952
"Colorado",8093,8,93,18845
"Colorado",8095,8,95,4265
"Colorado",8097,8,97,17767
"Colorado",8099,8,99,12172
"Colorado",8101,8,101,168424
"Colorado",8103,8,103,6324
"Colorado",8105,8,105,11267
"Colorado",8107,8,107,25638
"Colorado",8109,8,109,6824
"Colorado",8111,8,111,728
"Colorado",8113,8,113,8179
"Colorado",8115,8,115,2248
"Colorado",8117,8,117,31011
"Colorado",8119,8,119,25388
"Colorado",8121,8,121,4908
"Colorado",8123,8,123,324492
"Colorado",8125,8,125,10019
"Connecticut",9000,9,0,3565287
"Connecticut",9001,9,1,943332
"Connecticut",9003,9,3,891720
"Connecticut",9005,9,5,180333
"Connecticut",9007,9,7,162436
"Connecticut",9009,9,9,854757
"Connecticut",9011,9,11,265206
"Connecticut",9013,9,13,150721
"Connecticut",9015,9,15,116782
"Delaware",10000,10,0,973764
"Delaware",10001,10,1,180786
"Delaware",10003,10,3,558753
"Delaware",10005,10,5,234225
"District of Columbia",11000,11,0,705749
"District of Columbia",11001,11,1,705749
"Florida",12000,12,0,21477737
"Florida",12001,12,1,269043
"Florida",12003,12,3,29210
"Florida",12005,12,5,174705
"Florida",12007,12,7,28201
"Florida",12009,12,9,601942
"Florida",12011,12,11,1952778
"Florida",12013,12,13,14105
"Florida",12015,12,15,188910
"Florida",12017,12,17,149657
"Florida",12019,12,19,219252
"Florida",12021,12,21,384902
"Florida",12023,12,23,71686
"Florida",12027,12,27,38001
"Florida",12029,12,29,16826
"Florida",12031,12,31,957755
"Florida",12033,12,33,318316
"Florida",12035,12,35,115081
"Florida",12037,12,37,12125
"Florida",12039,12,39,45660
"Florida",12041,12,41,18582
"Florida",12043,12,43,13811
"Florida",12045,12,45,13639
"Florida",12047,12,47,14428
"Florida",12049,12,49,26937
"Florida",12051,12,51,42022
"Florida",12053,12,53,193920
"Florida",12055,12,55,106221
"Florida",12057,12,57,1471968
"Florida",12059,12,59,19617
"Florida",12061,12,61,159923
"Florida",12063,12,63,46414
"Florida",12065,12,65,14246
"Florida",12067,12,67,8422
"Florida",12069,12,69,367118
"Florida",12071,12,71,770577
"Florida",12073,12,73,293582
"Florida",12075,12,75,41503
"Florida",12077,12,77,8354
"Florida",12079,12,79,18493
"Florida",12081,12,81,403253
"Florida",12083,12,83,365579
"Florida",12085,12,85,161000
"Florida",12086,12,86,2716940
"Florida",12087,12,87,74228
"Florida",12089,12,89,88625
"Florida",12091,12,91,210738
"Florida",12093,12,93,42168
"Florida",12095,12,95,1393452
"Florida",12097,12,97,375751
"Florida",12099,12,99,1496770
"Florida",12101,12,101,553947
"Florida",12103,12,103,974996
"Florida",12105,12,105,724777
"Florida",12107,12,107,74521
"Florida",12109,12,109,264672
"Florida",12111,12,111,328297
"Florida",12113,12,113,184313
"Florida",12115,12,115,433742
"Florida",12117,12,117,471826
"Florida",12119,12,119,132420
"Florida",12121,12,121,44417
"Florida",12123,12,123,21569
"Florida",12125,12,125,15237
"Florida",12127,12,127,553284
"Florida",12129,12,129,33739
"Florida",12131,12,131,74071
"Florida",12133,12,133,25473
"Georgia",13000,13,0,10617423
"Georgia",13001,13,1,18386
"Georgia",13003,13,3,8165
"Georgia",13005,13,5,11164
"Georgia",13007,13,7,3038
"Georgia",13009,13,9,44890
"Georgia",13011,13,11,19234
"Georgia",13013,13,13,83240
"Georgia",13015,13,15,107738
"Georgia",13017,13,17,16700
"Georgia",13019,13,19,19397
"Georgia",13021,13,21,153159
"Georgia",13023,13,23,12873
"Georgia",13025,13,25,19109
"Georgia",13027,13,27,15457
"Georgia",13029,13,29,39627
"Georgia",13031,13,31,79608
"Georgia",13033,13,33,22383
"Georgia",13035,13,35,24936
"Georgia",13037,13,37,6189
"Georgia",13039,13,39,54666
"Georgia",13043,13,43,10803
"Georgia",13045,13,45,119992
"Georgia",13047,13,47,67580
"Georgia",13049,13,49,13392
"Georgia",13051,13,51,289430
"Georgia",13053,13,53,10907
"Georgia",13055,13,55,24789
"Georgia",13057,13,57,258773
"Georgia",13059,13,59,128331
"Georgia",13061,13,61,2834
"Georgia",13063,13,63,292256
"Georgia",13065,13,65,6618
"Georgia",13067,13,67,760141
"Georgia",13069,13,69,43273
"Georgia",13071,13,71,45600
"Georgia",13073,13,73,156714
"Georgia",13075,13,75,17270
"Georgia",13077,13,77,148509
"Georgia",13079,13,79,12404
"Georgia",13081,13,81,22372
"Georgia",13083,13,83,16116
"Georgia",13085,13,85,26108
"Georgia",13087,13,87,26404
"Georgia",13089,13,89,759297
"Georgia",13091,13,91,20605
"Georgia",13093,13,93,13390
"Georgia",13095,13,95,87956
"Georgia",13097,13,97,146343
"Georgia",13099,13,99,10190
"Georgia",13101,13,101,4006
"Georgia",13103,13,103,64296
"Georgia",13105,13,105,19194
"Georgia",13107,13,107,22646
"Georgia",13109,13,109,10654
"Georgia",13111,13,111,26188
"Georgia",13113,13,113,114421
"Georgia",13115,13,115,98498
"Georgia",13117,13,117,244252
"Georgia",13119,13,119,23349
"Georgia",13121,13,121,1063937
"Georgia",13123,13,123,31369
"Georgia",13125,13,125,2971
"Georgia",13127,13,127,85292
"Georgia",13129,13,129,57963
"Georgia",13131,13,131,24633
"Georgia",13133,13,133,18324
"Georgia",13135,13,135,936250
"Georgia",13137,13,137,45328
"Georgia",13139,13,139,204441
"Georgia",13141,13,141,8457
"Georgia",13143,13,143,29792
"Georgia",13145,13,145,35236
"Georgia",13147,13,147,26205
"Georgia",13149,13,149,11923
"Georgia",13151,13,151,234561
"Georgia",13153,13,153,157863
"Georgia",13155,13,155,9416
"Georgia",13157,13,157,72977
"Georgia",13159,13,159,14219
"Georgia",13161,13,161,15115
"Georgia",13163,13,163,15362
"Georgia",13165,13,165,8676
"Georgia",13167,13,167,9643
"Georgia",13169,13,169,28735
"Georgia",13171,13,171,19077
"Georgia",13173,13,173,10423
"Georgia",13175,13,175,47546
"Georgia",13177,13,177,29992
"Georgia",13179,13,179,61435
"Georgia",13181,13,181,7921
"Georgia",13183,13,183,19559
"Georgia",13185,13,185,117406
"Georgia",13187,13,187,33610
"Georgia",13189,13,189,21312
"Georgia",13191,13,191,14378
"Georgia",13193,13,193,12947
"Georgia",13195,13,195,29880
"Georgia",13197,13,197,8359
"Georgia",13199,13,199,21167
"Georgia",13201,13,201,5718
"Georgia",13205,13,205,21863
"Georgia",13207,13,207,27578
"Georgia",13209,13,209,9172
"Georgia",13211,13,211,19276
"Georgia",13213,13,213,40096
"Georgia",13215,13,215,195769
"Georgia",13217,13,217,111744
"Georgia",13219,13,219,40280
"Georgia",13221,13,221,15259
"Georgia",13223,13,223,168667
"Georgia",13225,13,225,27546
"Georgia",13227,13,227,32591
"Georgia",13229,13,229,19465
"Georgia",13231,13,231,18962
"Georgia",13233,13,233,42613
"Georgia",13235,13,235,11137
"Georgia",13237,13,237,22119
"Georgia",13239,13,239,2299
"Georgia",13241,13,241,17137
"Georgia",13243,13,243,6778
"Georgia",13245,13,245,202518
"Georgia",13247,13,247,90896
"Georgia",13249,13,249,5257
"Georgia",13251,13,251,13966
"Georgia",13253,13,253,8090
"Georgia",13255,13,255,66703
"Georgia",13257,13,257,25925
"Georgia",13259,13,259,6621
"Georgia",13261,13,261,29524
"Georgia",13263,13,263,6195
"Georgia",13265,13,265,1537
"Georgia",13267,13,267,25286
"Georgia",13269,13,269,8020
"Georgia",13271,13,271,15860
"Georgia",13273,13,273,8531
"Georgia",13275,13,275,44451
"Georgia",13277,13,277,40644
"Georgia",13279,13,279,26830
"Georgia",13281,13,281,12037
"Georgia",13283,13,283,6901
"Georgia",13285,13,285,69922
"Georgia",13287,13,287,7985
"Georgia",13289,13,289,8120
"Georgia",13291,13,291,24511
"Georgia",13293,13,293,26320
"Georgia",13295,13,295,69761
"Georgia",13297,13,297,94593
"Georgia",13299,13,299,35734
"Georgia",13301,13,301,5254
"Georgia",13303,13,303,20374
"Georgia",13305,13,305,29927
"Georgia",13307,13,307,2607
"Georgia",13309,13,309,7855
"Georgia",13311,13,311,30798
"Georgia",13313,13,313,104628
"Georgia",13315,13,315,8635
"Georgia",13317,13,317,9777
"Georgia",13319,13,319,8954
"Georgia",13321,13,321,20247
"Hawaii",15000,15,0,1415872
"Hawaii",15001,15,1,201513
"Hawaii",15003,15,3,974563
"Hawaii",15005,15,5,86
"Hawaii",15007,15,7,72293
"Hawaii",15009,15,9,167417
"Idaho",16000,16,0,1787065
"Idaho",16001,16,1,481587
"Idaho",16003,16,3,4294
"Idaho",16005,16,5,87808
"Idaho",16007,16,7,6125
"Idaho",16009,16,9,9298
"Idaho",16011,16,11,46811
"Idaho",16013,16,13,23021
"Idaho",16015,16,15,7831
"Idaho",16017,16,17,45739
"Idaho",16019,16,19,119062
"Idaho",16021,16,21,12245
"Idaho",16023,16,23,2597
"Idaho",16025,16,25,1106
"Idaho",16027,16,27,229849
"Idaho",16029,16,29,7155
"Idaho",16031,16,31,24030
"Idaho",16033,16,33,845
"Idaho",16035,16,35,8756
"Idaho",16037,16,37,4315
"Idaho",16039,16,39,27511
"Idaho",16041,16,41,13876
"Idaho",16043,16,43,13099
"Idaho",16045,16,45,18112
"Idaho",16047,16,47,15179
"Idaho",16049,16,49,16667
"Idaho",16051,16,51,29871
"Idaho",16053,16,53,24412
"Idaho",16055,16,55,165697
"Idaho",16057,16,57,40108
"Idaho",16059,16,59,8027
"Idaho",16061,16,61,3838
"Idaho",16063,16,63,5366
"Idaho",16065,16,65,39907
"Idaho",16067,16,67,21039
"Idaho",16069,16,69,40408
"Idaho",16071,16,71,4531
"Idaho",16073,16,73,11823
"Idaho",16075,16,75,23951
"Idaho",16077,16,77,7681
"Idaho",16079,16,79,12882
"Idaho",16081,16,81,12142
"Idaho",16083,16,83,86878
"Idaho",16085,16,85,11392
"Idaho",16087,16,87,10194
"Illinois",17000,17,0,12671821
"Illinois",17001,17,1,65435
"Illinois",17003,17,3,5761
"Illinois",17005,17,5,16426
"Illinois",17007,17,7,53544
"Illinois",17009,17,9,6578
"Illinois",17011,17,11,32628
"Illinois",17013,17,13,4739
"Illinois",17015,17,15,14305
"Illinois",17017,17,17,12147
"Illinois",17019,17,19,209689
"Illinois",17021,17,21,32304
"Illinois",17023,17,23,15441
"Illinois",17025,17,25,13184
"Illinois",17027,17,27,37562
"Illinois",17029,17,29,50621
"Illinois",17031,17,31,5150233
"Illinois",17033,17,33,18667
"Illinois",17035,17,35,10766
"Illinois",17037,17,37,104897
"Illinois",17039,17,39,15638
"Illinois",17041,17,41,19465
"Illinois",17043,17,43,922921
"Illinois",17045,17,45,17161
"Illinois",17047,17,47,6395
"Illinois",17049,17,49,34008
"Illinois",17051,17,51,21336
"Illinois",17053,17,53,12961
"Illinois",17055,17,55,38469
"Illinois",17057,17,57,34340
"Illinois",17059,17,59,4828
"Illinois",17061,17,61,12969
"Illinois",17063,17,63,51054
"Illinois",17065,17,65,8116
"Illinois",17067,17,67,17708
"Illinois",17069,17,69,3821
"Illinois",17071,17,71,6646
"Illinois",17073,17,73,48913
"Illinois",17075,17,75,27114
"Illinois",17077,17,77,56750
"Illinois",17079,17,79,9610
"Illinois",17081,17,81,37684
"Illinois",17083,17,83,21773
"Illinois",17085,17,85,21235
"Illinois",17087,17,87,12417
"Illinois",17089,17,89,532403
"Illinois",17091,17,91,109862
"Illinois",17093,17,93,128990
"Illinois",17095,17,95,49699
"Illinois",17097,17,97,696535
"Illinois",17099,17,99,108669
"Illinois",17101,17,101,15678
"Illinois",17103,17,103,34096
"Illinois",17105,17,105,35648
"Illinois",17107,17,107,28618
"Illinois",17109,17,109,29682
"Illinois",17111,17,111,307774
"Illinois",17113,17,113,171517
"Illinois",17115,17,115,104009
"Illinois",17117,17,117,44926
"Illinois",17119,17,119,262966
"Illinois",17121,17,121,37205
"Illinois",17123,17,123,11438
"Illinois",17125,17,125,13359
"Illinois",17127,17,127,13772
"Illinois",17129,17,129,12196
"Illinois",17131,17,131,15437
"Illinois",17133,17,133,34637
"Illinois",17135,17,135,28414
"Illinois",17137,17,137,33658
"Illinois",17139,17,139,14501
"Illinois",17141,17,141,50643
"Illinois",17143,17,143,179179
"Illinois",17145,17,145,20916
"Illinois",17147,17,147,16344
"Illinois",17149,17,149,15561
"Illinois",17151,17,151,4177
"Illinois",17153,17,153,5335
"Illinois",17155,17,155,5739
"Illinois",17157,17,157,31782
"Illinois",17159,17,159,15513
"Illinois",17161,17,161,141879
"Illinois",17163,17,163,259686
"Illinois",17165,17,165,23491
"Illinois",17167,17,167,194672
"Illinois",17169,17,169,6768
"Illinois",17171,17,171,4951
"Illinois",17173,17,173,21634
"Illinois",17175,17,175,5342
"Illinois",17177,17,177,44498
"Illinois",17179,17,179,131803
"Illinois",17181,17,181,16653
"Illinois",17183,17,183,75758
"Illinois",17185,17,185,11520
"Illinois",17187,17,187,16844
"Illinois",17189,17,189,13887
"Illinois",17191,17,191,16215
"Illinois",17193,17,193,13537
"Illinois",17195,17,195,55175
"Illinois",17197,17,197,690743
"Illinois",17199,17,199,66597
"Illinois",17201,17,201,282572
"Illinois",17203,17,203,38459
"Indiana",18000,18,0,6732219
"Indiana",18001,18,1,35777
"Indiana",18003,18,3,379299
"Indiana",18005,18,5,83779
"Indiana",18007,18,7,8748
"Indiana",18009,18,9,11758
"Indiana",18011,18,11,67843
"Indiana",18013,18,13,15092
"Indiana",18015,18,15,20257
"Indiana",18017,18,17,37689
"Indiana",18019,18,19,118302
"Indiana",18021,18,21,26225
"Indiana",18023,18,23,32399
"Indiana",18025,18,25,10577
"Indiana",18027,18,27,33351
"Indiana",18029,18,29,49458
"Indiana",18031,18,31,26559
"Indiana",18033,18,33,43475
"Indiana",18035,18,35,114135
"Indiana",18037,18,37,42736
"Indiana",18039,18,39,206341
"Indiana",18041,18,41,23102
"Indiana",18043,18,43,78522
"Indiana",18045,18,45,16346
"Indiana",18047,18,47,22758
"Indiana",18049,18,49,19974
"Indiana",18051,18,51,33659
"Indiana",18053,18,53,65769
"Indiana",18055,18,55,31922
"Indiana",18057,18,57,338011
"Indiana",18059,18,59,78168
"Indiana",18061,18,61,40515
"Indiana",18063,18,63,170311
"Indiana",18065,18,65,47972
"Indiana",18067,18,67,82544
"Indiana",18069,18,69,36520
"Indiana",18071,18,71,44231
"Indiana",18073,18,73,33562
"Indiana",18075,18,75,20436
"Indiana",18077,18,77,32308
"Indiana",18079,18,79,27735
"Indiana",18081,18,81,158167
"Indiana",18083,18,83,36594
"Indiana",18085,18,85,79456
"Indiana",18087,18,87,39614
"Indiana",18089,18,89,485493
"Indiana",18091,18,91,109888
"Indiana",18093,18,93,45370
"Indiana",18095,18,95,129569
"Indiana",18097,18,97,964582
"Indiana",18099,18,99,46258
"Indiana",18101,18,101,10255
"Indiana",18103,18,103,35516
"Indiana",18105,18,105,148431
"Indiana",18107,18,107,38338
"Indiana",18109,18,109,70489
"Indiana",18111,18,111,13984
"Indiana",18113,18,113,47744
"Indiana",18115,18,115,5875
"Indiana",18117,18,117,19646
"Indiana",18119,18,119,20799
"Indiana",18121,18,121,16937
"Indiana",18123,18,123,19169
"Indiana",18125,18,125,12389
"Indiana",18127,18,127,170389
"Indiana",18129,18,129,25427
"Indiana",18131,18,131,12353
"Indiana",18133,18,133,37576
"Indiana",18135,18,135,24665
"Indiana",18137,18,137,28324
"Indiana",18139,18,139,16581
"Indiana",18141,18,141,271826
"Indiana",18143,18,143,23873
"Indiana",18145,18,145,44729
"Indiana",18147,18,147,20277
"Indiana",18149,18,149,22995
"Indiana",18151,18,151,34594
"Indiana",18153,18,153,20669
"Indiana",18155,18,155,10751
"Indiana",18157,18,157,195732
"Indiana",18159,18,159,15148
"Indiana",18161,18,161,7054
"Indiana",18163,18,163,181451
"Indiana",18165,18,165,15498
"Indiana",18167,18,167,107038
"Indiana",18169,18,169,30996
"Indiana",18171,18,171,8265
"Indiana",18173,18,173,62998
"Indiana",18175,18,175,28036
"Indiana",18177,18,177,65884
"Indiana",18179,18,179,28296
"Indiana",18181,18,181,24102
"Indiana",18183,18,183,33964
"Iowa",19000,19,0,3155070
"Iowa",19001,19,1,7152
"Iowa",19003,19,3,3602
"Iowa",19005,19,5,13687
"Iowa",19007,19,7,12426
"Iowa",19009,19,9,5496
"Iowa",19011,19,11,25645
"Iowa",19013,19,13,131228
"Iowa",19015,19,15,26234
"Iowa",19017,19,17,25062
"Iowa",19019,19,19,21175
"Iowa",19021,19,21,19620
"Iowa",19023,19,23,14439
"Iowa",19025,19,25,9668
"Iowa",19027,19,27,20165
"Iowa",19029,19,29,12836
"Iowa",19031,19,31,18627
"Iowa",19033,19,33,42450
"Iowa",19035,19,35,11235
"Iowa",19037,19,37,11933
"Iowa",19039,19,39,9395
"Iowa",19041,19,41,16016
"Iowa",19043,19,43,17549
"Iowa",19045,19,45,46429
"Iowa",19047,19,47,16820
"Iowa",19049,19,49,93453
"Iowa",19051,19,51,9000
"Iowa",19053,19,53,7870
"Iowa",19055,19,55,17011
"Iowa",19057,19,57,38967
"Iowa",19059,19,59,17258
"Iowa",19061,19,61,97311
"Iowa",19063,19,63,9208
"Iowa",19065,19,65,19650
"Iowa",19067,19,67,15642
"Iowa",19069,19,69,10070
"Iowa",19071,19,71,6960
"Iowa",19073,19,73,8888
"Iowa",19075,19,75,12232
"Iowa",19077,19,77,10689
"Iowa",19079,19,79,14773
"Iowa",19081,19,81,10630
"Iowa",19083,19,83,16846
"Iowa",19085,19,85,14049
"Iowa",19087,19,87,19954
"Iowa",19089,19,89,9158
"Iowa",19091,19,91,9558
"Iowa",19093,19,93,6860
"Iowa",19095,19,95,16184
"Iowa",19097,19,97,19439
"Iowa",19099,19,99,37185
"Iowa",19101,19,101,18295
"Iowa",19103,19,103,151140
"Iowa",19105,19,105,20681
"Iowa",19107,19,107,10246
"Iowa",19109,19,109,14813
"Iowa",19111,19,111,33657
"Iowa",19113,19,113,226706
"Iowa",19115,19,115,11035
"Iowa",19117,19,117,8600
"Iowa",19119,19,119,11755
"Iowa",19121,19,121,16338
"Iowa",19123,19,123,22095
"Iowa",19125,19,125,33253
"Iowa",19127,19,127,39369
"Iowa",19129,19,129,15109
"Iowa",19131,19,131,10586
"Iowa",19133,19,133,8615
"Iowa",19135,19,135,7707
"Iowa",19137,19,137,9917
"Iowa",19139,19,139,42664
"Iowa",19141,19,141,13753
"Iowa",19143,19,143,5958
"Iowa",19145,19,145,15107
"Iowa",19147,19,147,8886
"Iowa",19149,19,149,25177
"Iowa",19151,19,151,6619
"Iowa",19153,19,153,490161
"Iowa",19155,19,155,93206
"Iowa",19157,19,157,18504
"Iowa",19159,19,159,4894
"Iowa",19161,19,161,9721
"Iowa",19163,19,163,172943
"Iowa",19165,19,165,11454
"Iowa",19167,19,167,34855
"Iowa",19169,19,169,97117
"Iowa",19171,19,171,16854
"Iowa",19173,19,173,6121
"Iowa",19175,19,175,12241
"Iowa",19177,19,177,7044
"Iowa",19179,19,179,34969
"Iowa",19181,19,181,51466
"Iowa",19183,19,183,21965
"Iowa",19185,19,185,6441
"Iowa",19187,19,187,35904
"Iowa",19189,19,189,10354
"Iowa",19191,19,191,19991
"Iowa",19193,19,193,103107
"Iowa",19195,19,195,7381
"Iowa",19197,19,197,12562
"Kansas",20000,20,0,2913314
"Kansas",20001,20,1,12369
"Kansas",20003,20,3,7858
"Kansas",20005,20,5,16073
"Kansas",20007,20,7,4427
"Kansas",20009,20,9,25779
"Kansas",20011,20,11,14534
"Kansas",20013,20,13,9564
"Kansas",20015,20,15,66911
"Kansas",20017,20,17,2648
"Kansas",20019,20,19,3250
"Kansas",20021,20,21,19939
"Kansas",20023,20,23,2657
"Kansas",20025,20,25,1994
"Kansas",20027,20,27,8002
"Kansas",20029,20,29,8786
"Kansas",20031,20,31,8179
"Kansas",20033,20,33,1700
"Kansas",20035,20,35,34908
"Kansas",20037,20,37,38818
"Kansas",20039,20,39,2827
"Kansas",20041,20,41,18466
"Kansas",20043,20,43,7600
"Kansas",20045,20,45,122259
"Kansas",20047,20,47,2798
"Kansas",20049,20,49,2530
"Kansas",20051,20,51,28553
"Kansas",20053,20,53,6102
"Kansas",20055,20,55,36467
"Kansas",20057,20,57,33619
"Kansas",20059,20,59,25544
"Kansas",20061,20,61,31670
"Kansas",20063,20,63,2636
"Kansas",20065,20,65,2482
"Kansas",20067,20,67,7150
"Kansas",20069,20,69,5988
"Kansas",20071,20,71,1232
"Kansas",20073,20,73,5982
"Kansas",20075,20,75,2539
"Kansas",20077,20,77,5436
"Kansas",20079,20,79,34429
"Kansas",20081,20,81,3968
"Kansas",20083,20,83,1794
"Kansas",20085,20,85,13171
"Kansas",20087,20,87,19043
"Kansas",20089,20,89,2879
"Kansas",20091,20,91,602401
"Kansas",20093,20,93,3838
"Kansas",20095,20,95,7152
"Kansas",20097,20,97,2475
"Kansas",20099,20,99,19618
"Kansas",20101,20,101,1535
"Kansas",20103,20,103,81758
"Kansas",20105,20,105,2962
"Kansas",20107,20,107,9703
"Kansas",20109,20,109,2794
"Kansas",20111,20,111,33195
"Kansas",20113,20,113,28542
"Kansas",20115,20,115,11884
"Kansas",20117,20,117,9707
"Kansas",20119,20,119,4033
"Kansas",20121,20,121,34237
"Kansas",20123,20,123,5979
"Kansas",20125,20,125,31829
"Kansas",20127,20,127,5620
"Kansas",20129,20,129,2587
"Kansas",20131,20,131,10231
"Kansas",20133,20,133,16007
"Kansas",20135,20,135,2750
"Kansas",20137,20,137,5361
"Kansas",20139,20,139,15949
"Kansas",20141,20,141,3421
"Kansas",20143,20,143,5704
"Kansas",20145,20,145,6414
"Kansas",20147,20,147,5234
"Kansas",20149,20,149,24383
"Kansas",20151,20,151,9164
"Kansas",20153,20,153,2530
"Kansas",20155,20,155,61998
"Kansas",20157,20,157,4636
"Kansas",20159,20,159,9537
"Kansas",20161,20,161,74232
"Kansas",20163,20,163,4920
"Kansas",20165,20,165,3036
"Kansas",20167,20,167,6856
"Kansas",20169,20,169,54224
"Kansas",20171,20,171,4823
"Kansas",20173,20,173,516042
"Kansas",20175,20,175,21428
"Kansas",20177,20,177,176875
"Kansas",20179,20,179,2521
"Kansas",20181,20,181,5917
"Kansas",20183,20,183,3583
"Kansas",20185,20,185,4156
"Kansas",20187,20,187,2006
"Kansas",20189,20,189,5485
"Kansas",20191,20,191,22836
"Kansas",20193,20,193,7777
"Kansas",20195,20,195,2803
"Kansas",20197,20,197,6931
"Kansas",20199,20,199,1518
"Kansas",20201,20,201,5406
"Kansas",20203,20,203,2119
"Kansas",20205,20,205,8525
"Kansas",20207,20,207,3138
"Kansas",20209,20,209,165429
"Kentucky",21000,21,0,4467673
"Kentucky",21001,21,1,19202
"Kentucky",21003,21,3,21315
"Kentucky",21005,21,5,22747
"Kentucky",21007,21,7,7888
"Kentucky",21009,21,9,44249
"Kentucky",21011,21,11,12500
"Kentucky",21013,21,13,26032
"Kentucky",21015,21,15,133581
"Kentucky",21017,21,17,19788
"Kentucky",21019,21,19,46718
"Kentucky",21021,21,21,30060
"Kentucky",21023,21,23,8303
"Kentucky",21025,21,25,12630
"Kentucky",21027,21,27,20477
"Kentucky",21029,21,29,81676
"Kentucky",21031,21,31,12879
"Kentucky",21033,21,33,12747
"Kentucky",21035,21,35,39001
"Kentucky",21037,21,37,93584
"Kentucky",21039,21,39,4760
"Kentucky",21041,21,41,10631
"Kentucky",21043,21,43,26797
"Kentucky",21045,21,45,16159
"Kentucky",21047,21,47,70461
"Kentucky",21049,21,49,36263
"Kentucky",21051,21,51,19901
"Kentucky",21053,21,53,10218
"Kentucky",21055,21,55,8806
"Kentucky",21057,21,57,6614
"Kentucky",21059,21,59,101511
"Kentucky",21061,21,61,12150
"Kentucky",21063,21,63,7517
"Kentucky",21065,21,65,14106
"Kentucky",21067,21,67,323152
"Kentucky",21069,21,69,14581
"Kentucky",21071,21,71,35589
"Kentucky",21073,21,73,50991
"Kentucky",21075,21,75,5969
"Kentucky",21077,21,77,8869
"Kentucky",21079,21,79,17666
"Kentucky",21081,21,81,25069
"Kentucky",21083,21,83,37266
"Kentucky",21085,21,85,26427
"Kentucky",21087,21,87,10941
"Kentucky",21089,21,89,35098
"Kentucky",21091,21,91,8722
"Kentucky",21093,21,93,110958
"Kentucky",21095,21,95,26010
"Kentucky",21097,21,97,18886
"Kentucky",21099,21,99,19035
"Kentucky",21101,21,101,45210
"Kentucky",21103,21,103,16126
"Kentucky",21105,21,105,4380
"Kentucky",21107,21,107,44686
"Kentucky",21109,21,109,13329
"Kentucky",21111,21,111,766757
"Kentucky",21113,21,113,54115
"Kentucky",21115,21,115,22188
"Kentucky",21117,21,117,166998
"Kentucky",21119,21,119,14806
"Kentucky",21121,21,121,31145
"Kentucky",21123,21,123,14398
"Kentucky",21125,21,125,60813
"Kentucky",21127,21,127,15317
"Kentucky",21129,21,129,7403
"Kentucky",21131,21,131,9877
"Kentucky",21133,21,133,21553
"Kentucky",21135,21,135,13275
"Kentucky",21137,21,137,24549
"Kentucky",21139,21,139,9194
"Kentucky",21141,21,141,27102
"Kentucky",21143,21,143,8210
"Kentucky",21145,21,145,65418
"Kentucky",21147,21,147,17231
"Kentucky",21149,21,149,9207
"Kentucky",21151,21,151,92987
"Kentucky",21153,21,153,12161
"Kentucky",21155,21,155,19273
"Kentucky",21157,21,157,31100
"Kentucky",21159,21,159,11195
"Kentucky",21161,21,161,17070
"Kentucky",21163,21,163,28572
"Kentucky",21165,21,165,6489
"Kentucky",21167,21,167,21933
"Kentucky",21169,21,169,10071
"Kentucky",21171,21,171,10650
"Kentucky",21173,21,173,28157
"Kentucky",21175,21,175,13309
"Kentucky",21177,21,177,30622
"Kentucky",21179,21,179,46233
"Kentucky",21181,21,181,7269
"Kentucky",21183,21,183,23994
"Kentucky",21185,21,185,66799
"Kentucky",21187,21,187,10901
"Kentucky",21189,21,189,4415
"Kentucky",21191,21,191,14590
"Kentucky",21193,21,193,25758
"Kentucky",21195,21,195,57876
"Kentucky",21197,21,197,12359
"Kentucky",21199,21,199,64979
"Kentucky",21201,21,201,2108
"Kentucky",21203,21,203,16695
"Kentucky",21205,21,205,24460
"Kentucky",21207,21,207,17923
"Kentucky",21209,21,209,57004
"Kentucky",21211,21,211,49024
"Kentucky",21213,21,213,18572
"Kentucky",21215,21,215,19351
"Kentucky",21217,21,217,25769
"Kentucky",21219,21,219,12294
"Kentucky",21221,21,221,14651
"Kentucky",21223,21,223,8471
"Kentucky",21225,21,225,14381
"Kentucky",21227,21,227,132896
"Kentucky",21229,21,229,12095
"Kentucky",21231,21,231,20333
"Kentucky",21233,21,233,12942
"Kentucky",21235,21,235,36264
"Kentucky",21237,21,237,7157
"Kentucky",21239,21,239,26734
"Louisiana",22000,22,0,4648794
"Louisiana",22001,22,1,62045
"Louisiana",22003,22,3,25627
"Louisiana",22005,22,5,126604
"Louisiana",22007,22,7,21891
"Louisiana",22009,22,9,40144
"Louisiana",22011,22,11,37497
"Louisiana",22013,22,13,13241
"Louisiana",22015,22,15,127039
"Louisiana",22017,22,17,240204
"Louisiana",22019,22,19,203436
"Louisiana",22021,22,21,9918
"Louisiana",22023,22,23,6973
"Louisiana",22025,22,25,9494
"Louisiana",22027,22,27,15670
"Louisiana",22029,22,29,19259
"Louisiana",22031,22,31,27463
"Louisiana",22033,22,33,440059
"Louisiana",22035,22,35,6861
"Louisiana",22037,22,37,19135
"Louisiana",22039,22,39,33395
"Louisiana",22041,22,41,20015
"Louisiana",22043,22,43,22389
"Louisiana",22045,22,45,69830
"Louisiana",22047,22,47,32511
"Louisiana",22049,22,49,15744
"Louisiana",22051,22,51,432493
"Louisiana",22053,22,53,31368
"Louisiana",22055,22,55,244390
"Louisiana",22057,22,57,97614
"Louisiana",22059,22,59,14892
"Louisiana",22061,22,61,46742
"Louisiana",22063,22,63,140789
"Louisiana",22065,22,65,10951
"Louisiana",22067,22,67,24874
"Louisiana",22069,22,69,38158
"Louisiana",22071,22,71,390144
"Louisiana",22073,22,73,153279
"Louisiana",22075,22,75,23197
"Louisiana",22077,22,77,21730
"Louisiana",22079,22,79,129648
"Louisiana",22081,22,81,8442
"Louisiana",22083,22,83,20122
"Louisiana",22085,22,85,23884
"Louisiana",22087,22,87,47244
"Louisiana",22089,22,89,53100
"Louisiana",22091,22,91,10132
"Louisiana",22093,22,93,21096
"Louisiana",22095,22,95,42837
"Louisiana",22097,22,97,82124
"Louisiana",22099,22,99,53431
"Louisiana",22101,22,101,49348
"Louisiana",22103,22,103,260419
"Louisiana",22105,22,105,134758
"Louisiana",22107,22,107,4334
"Louisiana",22109,22,109,110461
"Louisiana",22111,22,111,22108
"Louisiana",22113,22,113,59511
"Louisiana",22115,22,115,47429
"Louisiana",22117,22,117,46194
"Louisiana",22119,22,119,38340
"Louisiana",22121,22,121,26465
"Louisiana",22123,22,123,10830
"Louisiana",22125,22,125,15568
"Louisiana",22127,22,127,13904
"Maine",23000,23,0,1344212
"Maine",23001,23,1,108277
"Maine",23003,23,3,67055
"Maine",23005,23,5,295003
"Maine",23007,23,7,30199
"Maine",23009,23,9,54987
"Maine",23011,23,11,122302
"Maine",23013,23,13,39772
"Maine",23015,23,15,34634
"Maine",23017,23,17,57975
"Maine",23019,23,19,152148
"Maine",23021,23,21,16785
"Maine",23023,23,23,35856
"Maine",23025,23,25,50484
"Maine",23027,23,27,39715
"Maine",23029,23,29,31379
"Maine",23031,23,31,207641
"Maryland",24000,24,0,6045680
"Maryland",24001,24,1,70416
"Maryland",24003,24,3,579234
"Maryland",24005,24,5,827370
"Maryland",24009,24,9,92525
"Maryland",24011,24,11,33406
"Maryland",24013,24,13,168447
"Maryland",24015,24,15,102855
"Maryland",24017,24,17,163257
"Maryland",24019,24,19,31929
"Maryland",24021,24,21,259547
"Maryland",24023,24,23,29014
"Maryland",24025,24,25,255441
"Maryland",24027,24,27,325690
"Maryland",24029,24,29,19422
"Maryland",24031,24,31,1050688
"Maryland",24033,24,33,909327
"Maryland",24035,24,35,50381
"Maryland",24037,24,37,113510
"Maryland",24039,24,39,25616
"Maryland",24041,24,41,37181
"Maryland",24043,24,43,151049
"Maryland",24045,24,45,103609
"Maryland",24047,24,47,52276
"Maryland",24510,24,510,593490
"Massachusetts",25000,25,0,6892503
"Massachusetts",25001,25,1,212990
"Massachusetts",25003,25,3,124944
"Massachusetts",25005,25,5,565217
"Massachusetts",25007,25,7,17332
"Massachusetts",25009,25,9,789034
"Massachusetts",25011,25,11,70180
"Massachusetts",25013,25,13,466372
"Massachusetts",25015,25,15,160830
"Massachusetts",25017,25,17,1611699
"Massachusetts",25019,25,19,11399
"Massachusetts",25021,25,21,706775
"Massachusetts",25023,25,23,521202
"Massachusetts",25025,25,25,803907
"Massachusetts",25027,25,27,830622
"Michigan",26000,26,0,9986857
"Michigan",26001,26,1,10405
"Michigan",26003,26,3,9108
"Michigan",26005,26,5,118081
"Michigan",26007,26,7,28405
"Michigan",26009,26,9,23324
"Michigan",26011,26,11,14883
"Michigan",26013,26,13,8209
"Michigan",26015,26,15,61550
"Michigan",26017,26,17,103126
"Michigan",26019,26,19,17766
"Michigan",26021,26,21,153401
"Michigan",26023,26,23,43517
"Michigan",26025,26,25,134159
"Michigan",26027,26,27,51787
"Michigan",26029,26,29,26143
"Michigan",26031,26,31,25276
"Michigan",26033,26,33,37349
"Michigan",26035,26,35,30950
"Michigan",26037,26,37,79595
"Michigan",26039,26,39,14029
"Michigan",26041,26,41,35784
"Michigan",26043,26,43,25239
"Michigan",26045,26,45,110268
"Michigan",26047,26,47,33415
"Michigan",26049,26,49,405813
"Michigan",26051,26,51,25449
"Michigan",26053,26,53,13975
"Michigan",26055,26,55,93088
"Michigan",26057,26,57,40711
"Michigan",26059,26,59,45605
"Michigan",26061,26,61,35684
"Michigan",26063,26,63,30981
"Michigan",26065,26,65,292406
"Michigan",26067,26,67,64697
"Michigan",26069,26,69,25127
"Michigan",26071,26,71,11066
"Michigan",26073,26,73,69872
"Michigan",26075,26,75,158510
"Michigan",26077,26,77,265066
"Michigan",26079,26,79,18038
"Michigan",26081,26,81,656955
"Michigan",26083,26,83,2116
"Michigan",26085,26,85,11853
"Michigan",26087,26,87,87607
"Michigan",26089,26,89,21761
"Michigan",26091,26,91,98451
"Michigan",26093,26,93,191995
"Michigan",26095,26,95,6229
"Michigan",26097,26,97,10799
"Michigan",26099,26,99,873972
"Michigan",26101,26,101,24558
"Michigan",26103,26,103,66699
"Michigan",26105,26,105,29144
"Michigan",26107,26,107,43453
"Michigan",26109,26,109,22780
"Michigan",26111,26,111,83156
"Michigan",26113,26,113,15118
"Michigan",26115,26,115,150500
"Michigan",26117,26,117,63888
"Michigan",26119,26,119,9328
"Michigan",26121,26,121,173566
"Michigan",26123,26,123,48980
"Michigan",26125,26,125,1257584
"Michigan",26127,26,127,26467
"Michigan",26129,26,129,20997
"Michigan",26131,26,131,5720
"Michigan",26133,26,133,23460
"Michigan",26135,26,135,8241
"Michigan",26137,26,137,24668
"Michigan",26139,26,139,291830
"Michigan",26141,26,141,12592
"Michigan",26143,26,143,24019
"Michigan",26145,26,145,190539
"Michigan",26147,26,147,159128
"Michigan",26149,26,149,60964
"Michigan",26151,26,151,41170
"Michigan",26153,26,153,8094
"Michigan",26155,26,155,68122
"Michigan",26157,26,157,52245
"Michigan",26159,26,159,75677
"Michigan",26161,26,161,367601
"Michigan",26163,26,163,1749343
"Michigan",26165,26,165,33631
"Minnesota",27000,27,0,5639632
"Minnesota",27001,27,1,15886
"Minnesota",27003,27,3,356921
"Minnesota",27005,27,5,34423
"Minnesota",27007,27,7,47188
"Minnesota",27009,27,9,40889
"Minnesota",27011,27,11,4991
"Minnesota",27013,27,13,67653
"Minnesota",27015,27,15,25008
"Minnesota",27017,27,17,35871
"Minnesota",27019,27,19,105089
"Minnesota",27021,27,21,29779
"Minnesota",27023,27,23,11800
"Minnesota",27025,27,25,56579
"Minnesota",27027,27,27,64222
"Minnesota",27029,27,29,8818
"Minnesota",27031,27,31,5463
"Minnesota",27033,27,33,11196
"Minnesota",27035,27,35,65055
"Minnesota",27037,27,37,429021
"Minnesota",27039,27,39,20934
"Minnesota",27041,27,41,38141
"Minnesota",27043,27,43,13653
"Minnesota",27045,27,45,21067
"Minnesota",27047,27,47,30281
"Minnesota",27049,27,49,46340
"Minnesota",27051,27,51,5972
"Minnesota",27053,27,53,1265843
"Minnesota",27055,27,55,18600
"Minnesota",27057,27,57,21491
"Minnesota",27059,27,59,40596
"Minnesota",27061,27,61,45130
"Minnesota",27063,27,63,9846
"Minnesota",27065,27,65,16337
"Minnesota",27067,27,67,43199
"Minnesota",27069,27,69,4298
"Minnesota",27071,27,71,12229
"Minnesota",27073,27,73,6623
"Minnesota",27075,27,75,10641
"Minnesota",27077,27,77,3740
"Minnesota",27079,27,79,28887
"Minnesota",27081,27,81,5639
"Minnesota",27083,27,83,25474
"Minnesota",27085,27,85,35893
"Minnesota",27087,27,87,5527
"Minnesota",27089,27,89,9336
"Minnesota",27091,27,91,19683
"Minnesota",27093,27,93,23222
"Minnesota",27095,27,95,26277
"Minnesota",27097,27,97,33386
"Minnesota",27099,27,99,40062
"Minnesota",27101,27,101,8194
"Minnesota",27103,27,103,34274
"Minnesota",27105,27,105,21629
"Minnesota",27107,27,107,6375
"Minnesota",27109,27,109,158293
"Minnesota",27111,27,111,58746
"Minnesota",27113,27,113,14119
"Minnesota",27115,27,115,29579
"Minnesota",27117,27,117,9126
"Minnesota",27119,27,119,31364
"Minnesota",27121,27,121,11249
"Minnesota",27123,27,123,550321
"Minnesota",27125,27,125,4055
"Minnesota",27127,27,127,15170
"Minnesota",27129,27,129,14548
"Minnesota",27131,27,131,66972
"Minnesota",27133,27,133,9315
"Minnesota",27135,27,135,15165
"Minnesota",27137,27,137,199070
"Minnesota",27139,27,139,149013
"Minnesota",27141,27,141,97238
"Minnesota",27143,27,143,14865
"Minnesota",27145,27,145,161075
"Minnesota",27147,27,147,36649
"Minnesota",27149,27,149,9805
"Minnesota",27151,27,151,9266
"Minnesota",27153,27,153,24664
"Minnesota",27155,27,155,3259
"Minnesota",27157,27,157,21627
"Minnesota",27159,27,159,13682
"Minnesota",27161,27,161,18612
"Minnesota",27163,27,163,262440
"Minnesota",27165,27,165,10897
"Minnesota",27167,27,167,6207
"Minnesota",27169,27,169,50484
"Minnesota",27171,27,171,138377
"Minnesota",27173,27,173,9709
"Mississippi",28000,28,0,2976149
"Mississippi",28001,28,1,30693
"Mississippi",28003,28,3,36953
"Mississippi",28005,28,5,12297
"Mississippi",28007,28,7,18174
"Mississippi",28009,28,9,8259
"Mississippi",28011,28,11,30628
"Mississippi",28013,28,13,14361
"Mississippi",28015,28,15,9947
"Mississippi",28017,28,17,17103
"Mississippi",28019,28,19,8210
"Mississippi",28021,28,21,8988
"Mississippi",28023,28,23,15541
"Mississippi",28025,28,25,19316
"Mississippi",28027,28,27,22124
"Mississippi",28029,28,29,28065
"Mississippi",28031,28,31,18636
"Mississippi",28033,28,33,184945
"Mississippi",28035,28,35,74897
"Mississippi",28037,28,37,7713
"Mississippi",28039,28,39,24500
"Mississippi",28041,28,41,13586
"Mississippi",28043,28,43,20758
"Mississippi",28045,28,45,47632
"Mississippi",28047,28,47,208080
"Mississippi",28049,28,49,231840
"Mississippi",28051,28,51,17010
"Mississippi",28053,28,53,8064
"Mississippi",28055,28,55,1327
"Mississippi",28057,28,57,23390
"Mississippi",28059,28,59,143617
"Mississippi",28061,28,61,16383
"Mississippi",28063,28,63,6990
"Mississippi",28065,28,65,11128
"Mississippi",28067,28,67,68098
"Mississippi",28069,28,69,9742
"Mississippi",28071,28,71,54019
"Mississippi",28073,28,73,63343
"Mississippi",28075,28,75,74125
"Mississippi",28077,28,77,12586
"Mississippi",28079,28,79,22786
"Mississippi",28081,28,81,85436
"Mississippi",28083,28,83,28183
"Mississippi",28085,28,85,34153
"Mississippi",28087,28,87,58595
"Mississippi",28089,28,89,106272
"Mississippi",28091,28,91,24573
"Mississippi",28093,28,93,35294
"Mississippi",28095,28,95,35252
"Mississippi",28097,28,97,9775
"Mississippi",28099,28,99,29118
"Mississippi",28101,28,101,21018
"Mississippi",28103,28,103,10417
"Mississippi",28105,28,105,49587
"Mississippi",28107,28,107,34192
"Mississippi",28109,28,109,55535
"Mississippi",28111,28,111,11973
"Mississippi",28113,28,113,39288
"Mississippi",28115,28,115,32174
"Mississippi",28117,28,117,25126
"Mississippi",28119,28,119,6792
"Mississippi",28121,28,121,155271
"Mississippi",28123,28,123,28124
"Mississippi",28125,28,125,4321
"Mississippi",28127,28,127,26658
"Mississippi",28129,28,129,15916
"Mississippi",28131,28,131,18336
"Mississippi",28133,28,133,25110
"Mississippi",28135,28,135,13809
"Mississippi",28137,28,137,28321
"Mississippi",28139,28,139,22015
"Mississippi",28141,28,141,19383
"Mississippi",28143,28,143,9632
"Mississippi",28145,28,145,28815
"Mississippi",28147,28,147,14286
"Mississippi",28149,28,149,45381
"Mississippi",28151,28,151,43909
"Mississippi",28153,28,153,20183
"Mississippi",28155,28,155,9689
"Mississippi",28157,28,157,8630
"Mississippi",28159,28,159,17955
"Mississippi",28161,28,161,12108
"Mississippi",28163,28,163,29690
"Missouri",29000,29,0,6137428
"Missouri",29001,29,1,25343
"Missouri",29003,29,3,17712
"Missouri",29005,29,5,5143
"Missouri",29007,29,7,25388
"Missouri",29009,29,9,35789
"Missouri",29011,29,11,11754
"Missouri",29013,29,13,16172
"Missouri",29015,29,15,19443
"Missouri",29017,29,17,12133
"Missouri",29019,29,19,180463
"Missouri",29021,29,21,87364
"Missouri",29023,29,23,42478
"Missouri",29025,29,25,9020
"Missouri",29027,29,27,44743
"Missouri",29029,29,29,46305
"Missouri",29031,29,31,78871
"Missouri",29033,29,33,8679
"Missouri",29035,29,35,5982
"Missouri",29037,29,37,105780
"Missouri",29039,29,39,14349
"Missouri",29041,29,41,7426
"Missouri",29043,29,43,88595
"Missouri",29045,29,45,6797
"Missouri",29047,29,47,249948
"Missouri",29049,29,49,20387
"Missouri",29051,29,51,76745
"Missouri",29053,29,53,17709
"Missouri",29055,29,55,23920
"Missouri",29057,29,57,7561
"Missouri",29059,29,59,16878
"Missouri",29061,29,61,8278
"Missouri",29063,29,63,12547
"Missouri",29065,29,65,15573
"Missouri",29067,29,67,13185
"Missouri",29069,29,69,29131
"Missouri",29071,29,71,103967
"Missouri",29073,29,73,14706
"Missouri",29075,29,75,6571
"Missouri",29077,29,77,293086
"Missouri",29079,29,79,9850
"Missouri",29081,29,81,8352
"Missouri",29083,29,83,21824
"Missouri",29085,29,85,9544
"Missouri",29087,29,87,4403
"Missouri",29089,29,89,10001
"Missouri",29091,29,91,40117
"Missouri",29093,29,93,10125
"Missouri",29095,29,95,703011
"Missouri",29097,29,97,121328
"Missouri",29099,29,99,225081
"Missouri",29101,29,101,54062
"Missouri",29103,29,103,3959
"Missouri",29105,29,105,35723
"Missouri",29107,29,107,32708
"Missouri",29109,29,109,38355
"Missouri",29111,29,111,9776
"Missouri",29113,29,113,59013
"Missouri",29115,29,115,11920
"Missouri",29117,29,117,15227
"Missouri",29119,29,119,22837
"Missouri",29121,29,121,15117
"Missouri",29123,29,123,12088
"Missouri",29125,29,125,8697
"Missouri",29127,29,127,28530
"Missouri",29129,29,129,3617
"Missouri",29131,29,131,25619
"Missouri",29133,29,133,13180
"Missouri",29135,29,135,16132
"Missouri",29137,29,137,8644
"Missouri",29139,29,139,11551
"Missouri",29141,29,141,20627
"Missouri",29143,29,143,17076
"Missouri",29145,29,145,58236
"Missouri",29147,29,147,22092
"Missouri",29149,29,149,10529
"Missouri",29151,29,151,13615
"Missouri",29153,29,153,9174
"Missouri",29155,29,155,15805
"Missouri",29157,29,157,19136
"Missouri",29159,29,159,42339
"Missouri",29161,29,161,44573
"Missouri",29163,29,163,18302
"Missouri",29165,29,165,104418
"Missouri",29167,29,167,32149
"Missouri",29169,29,169,52607
"Missouri",29171,29,171,4696
"Missouri",29173,29,173,10309
"Missouri",29175,29,175,24748
"Missouri",29177,29,177,23018
"Missouri",29179,29,179,6270
"Missouri",29181,29,181,13288
"Missouri",29183,29,183,402022
"Missouri",29185,29,185,9397
"Missouri",29186,29,186,17894
"Missouri",29187,29,187,67215
"Missouri",29189,29,189,994205
"Missouri",29195,29,195,22761
"Missouri",29197,29,197,4660
"Missouri",29199,29,199,4902
"Missouri",29201,29,201,38280
"Missouri",29203,29,203,8166
"Missouri",29205,29,205,5930
"Missouri",29207,29,207,29025
"Missouri",29209,29,209,31952
"Missouri",29211,29,211,6089
"Missouri",29213,29,213,55928
"Missouri",29215,29,215,25398
"Missouri",29217,29,217,20563
"Missouri",29219,29,219,35649
"Missouri",29221,29,221,24730
"Missouri",29223,29,223,12873
"Missouri",29225,29,225,39592
"Missouri",29227,29,227,2013
"Missouri",29229,29,229,18289
"Missouri",29510,29,510,300576
"Montana",30000,30,0,1068778
"Montana",30001,30,1,9453
"Montana",30003,30,3,13319
"Montana",30005,30,5,6681
"Montana",30007,30,7,6237
"Montana",30009,30,9,10725
"Montana",30011,30,11,1252
"Montana",30013,30,13,81366
"Montana",30015,30,15,5635
"Montana",30017,30,17,11402
"Montana",30019,30,19,1690
"Montana",30021,30,21,8613
"Montana",30023,30,23,9140
"Montana",30025,30,25,2846
"Montana",30027,30,27,11050
"Montana",30029,30,29,103806
"Montana",30031,30,31,114434
"Montana",30033,30,33,1258
"Montana",30035,30,35,13753
"Montana",30037,30,37,821
"Montana",30039,30,39,3379
"Montana",30041,30,41,16484
"Montana",30043,30,43,12221
"Montana",30045,30,45,2007
"Montana",30047,30,47,30458
"Montana",30049,30,49,69432
"Montana",30051,30,51,2337
"Montana",30053,30,53,19980
"Montana",30055,30,55,1664
"Montana",30057,30,57,8600
"Montana",30059,30,59,1862
"Montana",30061,30,61,4397
"Montana",30063,30,63,119600
"Montana",30065,30,65,4633
"Montana",30067,30,67,16606
"Montana",30069,30,69,487
"Montana",30071,30,71,3954
"Montana",30073,30,73,5911
"Montana",30075,30,75,1682
"Montana",30077,30,77,6890
"Montana",30079,30,79,1077
"Montana",30081,30,81,43806
"Montana",30083,30,83,10803
"Montana",30085,30,85,11004
"Montana",30087,30,87,8937
"Montana",30089,30,89,12113
"Montana",30091,30,91,3309
"Montana",30093,30,93,34915
"Montana",30095,30,95,9642
"Montana",30097,30,97,3737
"Montana",30099,30,99,6147
"Montana",30101,30,101,4736
"Montana",30103,30,103,696
"Montana",30105,30,105,7396
"Montana",30107,30,107,2126
"Montana",30109,30,109,969
"Montana",30111,30,111,161300
"Nebraska",31000,31,0,1934408
"Nebraska",31001,31,1,31363
"Nebraska",31003,31,3,6298
"Nebraska",31005,31,5,463
"Nebraska",31007,31,7,745
"Nebraska",31009,31,9,465
"Nebraska",31011,31,11,5192
"Nebraska",31013,31,13,10783
"Nebraska",31015,31,15,1919
"Nebraska",31017,31,17,2955
"Nebraska",31019,31,19,49659
"Nebraska",31021,31,21,6459
"Nebraska",31023,31,23,8016
"Nebraska",31025,31,25,26248
"Nebraska",31027,31,27,8402
"Nebraska",31029,31,29,3924
"Nebraska",31031,31,31,5689
"Nebraska",31033,31,33,8910
"Nebraska",31035,31,35,6203
"Nebraska",31037,31,37,10709
"Nebraska",31039,31,39,8846
"Nebraska",31041,31,41,10777
"Nebraska",31043,31,43,20026
"Nebraska",31045,31,45,8589
"Nebraska",31047,31,47,23595
"Nebraska",31049,31,49,1794
"Nebraska",31051,31,51,5636
"Nebraska",31053,31,53,36565
"Nebraska",31055,31,55,571327
"Nebraska",31057,31,57,1693
"Nebraska",31059,31,59,5462
"Nebraska",31061,31,61,2979
"Nebraska",31063,31,63,2627
"Nebraska",31065,31,65,4676
"Nebraska",31067,31,67,21513
"Nebraska",31069,31,69,1837
"Nebraska",31071,31,71,1969
"Nebraska",31073,31,73,1990
"Nebraska",31075,31,75,623
"Nebraska",31077,31,77,2356
"Nebraska",31079,31,79,61353
"Nebraska",31081,31,81,9324
"Nebraska",31083,31,83,3380
"Nebraska",31085,31,85,922
"Nebraska",31087,31,87,2762
"Nebraska",31089,31,89,10067
"Nebraska",31091,31,91,682
"Nebraska",31093,31,93,6445
"Nebraska",31095,31,95,7046
"Nebraska",31097,31,97,5071
"Nebraska",31099,31,99,6495
"Nebraska",31101,31,101,8034
"Nebraska",31103,31,103,806
"Nebraska",31105,31,105,3632
"Nebraska",31107,31,107,8332
"Nebraska",31109,31,109,319090
"Nebraska",31111,31,111,34914
"Nebraska",31113,31,113,748
"Nebraska",31115,31,115,664
"Nebraska",31117,31,117,494
"Nebraska",31119,31,119,35099
"Nebraska",31121,31,121,7755
"Nebraska",31123,31,123,4642
"Nebraska",31125,31,125,3519
"Nebraska",31127,31,127,6972
"Nebraska",31129,31,129,4148
"Nebraska",31131,31,131,16012
"Nebraska",31133,31,133,2613
"Nebraska",31135,31,135,2891
"Nebraska",31137,31,137,9034
"Nebraska",31139,31,139,7148
"Nebraska",31141,31,141,33470
"Nebraska",31143,31,143,5213
"Nebraska",31145,31,145,10724
"Nebraska",31147,31,147,7865
"Nebraska",31149,31,149,1357
"Nebraska",31151,31,151,14224
"Nebraska",31153,31,153,187196
"Nebraska",31155,31,155,21578
"Nebraska",31157,31,157,35618
"Nebraska",31159,31,159,17284
"Nebraska",31161,31,161,5246
"Nebraska",31163,31,163,3001
"Nebraska",31165,31,165,1166
"Nebraska",31167,31,167,5920
"Nebraska",31169,31,169,5003
"Nebraska",31171,31,171,722
"Nebraska",31173,31,173,7224
"Nebraska",31175,31,175,4158
"Nebraska",31177,31,177,20729
"Nebraska",31179,31,179,9385
"Nebraska",31181,31,181,3487
"Nebraska",31183,31,183,783
"Nebraska",31185,31,185,13679
"Nevada",32000,32,0,3080156
"Nevada",32001,32,1,24909
"Nevada",32003,32,3,2266715
"Nevada",32005,32,5,48905
"Nevada",32007,32,7,52778
"Nevada",32009,32,9,873
"Nevada",32011,32,11,2029
"Nevada",32013,32,13,16831
"Nevada",32015,32,15,5532
"Nevada",32017,32,17,5183
"Nevada",32019,32,19,57510
"Nevada",32021,32,21,4505
"Nevada",32023,32,23,46523
"Nevada",32027,32,27,6725
"Nevada",32029,32,29,4123
"Nevada",32031,32,31,471519
"Nevada",32033,32,33,9580
"Nevada",32510,32,510,55916
"New Hampshire",33000,33,0,1359711
"New Hampshire",33001,33,1,61303
"New Hampshire",33003,33,3,48910
"New Hampshire",33005,33,5,76085
"New Hampshire",33007,33,7,31563
"New Hampshire",33009,33,9,89886
"New Hampshire",33011,33,11,417025
"New Hampshire",33013,33,13,151391
"New Hampshire",33015,33,15,309769
"New Hampshire",33017,33,17,130633
"New Hampshire",33019,33,19,43146
"New Jersey",34000,34,0,8882190
"New Jersey",34001,34,1,263670
"New Jersey",34003,34,3,932202
"New Jersey",34005,34,5,445349
"New Jersey",34007,34,7,506471
"New Jersey",34009,34,9,92039
"New Jersey",34011,34,11,149527
"New Jersey",34013,34,13,798975
"New Jersey",34015,34,15,291636
"New Jersey",34017,34,17,672391
"New Jersey",34019,34,19,124371
"New Jersey",34021,34,21,367430
"New Jersey",34023,34,23,825062
"New Jersey",34025,34,25,618795
"New Jersey",34027,34,27,491845
"New Jersey",34029,34,29,607186
"New Jersey",34031,34,31,501826
"New Jersey",34033,34,33,62385
"New Jersey",34035,34,35,328934
"New Jersey",34037,34,37,140488
"New Jersey",34039,34,39,556341
"New Jersey",34041,34,41,105267
"New Mexico",35000,35,0,2096829
"New Mexico",35001,35,1,679121
"New Mexico",35003,35,3,3527
"New Mexico",35005,35,5,64615
"New Mexico",35006,35,6,26675
"New Mexico",35007,35,7,11941
"New Mexico",35009,35,9,48954
"New Mexico",35011,35,11,1748
"New Mexico",35013,35,13,218195
"New Mexico",35015,35,15,58460
"New Mexico",35017,35,17,26998
"New Mexico",35019,35,19,4300
"New Mexico",35021,35,21,625
"New Mexico",35023,35,23,4198
"New Mexico",35025,35,25,71070
"New Mexico",35027,35,27,19572
"New Mexico",35028,35,28,19369
"New Mexico",35029,35,29,23709
"New Mexico",35031,35,31,71367
"New Mexico",35033,35,33,4521
"New Mexico",35035,35,35,67490
"New Mexico",35037,35,37,8253
"New Mexico",35039,35,39,38921
"New Mexico",35041,35,41,18500
"New Mexico",35043,35,43,146748
"New Mexico",35045,35,45,123958
"New Mexico",35047,35,47,27277
"New Mexico",35049,35,49,150358
"New Mexico",35051,35,51,10791
"New Mexico",35053,35,53,16637
"New Mexico",35055,35,55,32723
"New Mexico",35057,35,57,15461
"New Mexico",35059,35,59,4059
"New Mexico",35061,35,61,76688
"New York",36000,36,0,19453561
"New York",36001,36,1,305506
"New York",36003,36,3,46091
"New York",36005,36,5,1418207
"New York",36007,36,7,190488
"New York",36009,36,9,76117
"New York",36011,36,11,76576
"New York",36013,36,13,126903
"New York",36015,36,15,83456
"New York",36017,36,17,47207
"New York",36019,36,19,80485
"New York",36021,36,21,59461
"New York",36023,36,23,47581
"New York",36025,36,25,44135
"New York",36027,36,27,294218
"New York",36029,36,29,918702
"New York",36031,36,31,36885
"New York",36033,36,33,50022
"New York",36035,36,35,53383
"New York",36037,36,37,57280
"New York",36039,36,39,47188
"New York",36041,36,41,4416
"New York",36043,36,43,61319
"New York",36045,36,45,109834
"New York",36047,36,47,2559903
"New York",36049,36,49,26296
"New York",36051,36,51,62914
"New York",36053,36,53,70941
"New York",36055,36,55,741770
"New York",36057,36,57,49221
"New York",36059,36,59,1356924
"New York",36061,36,61,1628706
"New York",36063,36,63,209281
"New York",36065,36,65,228671
"New York",36067,36,67,460528
"New York",36069,36,69,109777
"New York",36071,36,71,384940
"New York",36073,36,73,40352
"New York",36075,36,75,117124
"New York",36077,36,77,59493
"New York",36079,36,79,98320
"New York",36081,36,81,2253858
"New York",36083,36,83,158714
"New York",36085,36,85,476143
"New York",36087,36,87,325789
"New York",36089,36,89,107740
"New York",36091,36,91,229863
"New York",36093,36,93,155299
"New York",36095,36,95,30999
"New York",36097,36,97,17807
"New York",36099,36,99,34016
"New York",36101,36,101,95379
"New York",36103,36,103,1476601
"New York",36105,36,105,75432
"New York",36107,36,107,48203
"New York",36109,36,109,102180
"New York",36111,36,111,177573
"New York",36113,36,113,63944
"New York",36115,36,115,61204
"New York",36117,36,117,89918
"New York",36119,36,119,967506
"New York",36121,36,121,39859
"New York",36123,36,123,24913
"North Carolina",37000,37,0,10488084
"North Carolina",37001,37,1,169509
"North Carolina",37003,37,3,37497
"North Carolina",37005,37,5,11137
"North Carolina",37007,37,7,24446
"North Carolina",37009,37,9,27203
"North Carolina",37011,37,11,17557
"North Carolina",37013,37,13,46994
"North Carolina",37015,37,15,18947
"North Carolina",37017,37,17,32722
"North Carolina",37019,37,19,142820
"North Carolina",37021,37,21,261191
"North Carolina",37023,37,23,90485
"North Carolina",37025,37,25,216453
"North Carolina",37027,37,27,82178
"North Carolina",37029,37,29,10867
"North Carolina",37031,37,31,69473
"North Carolina",37033,37,33,22604
"North Carolina",37035,37,35,159551
"North Carolina",37037,37,37,74470
"North Carolina",37039,37,39,28612
"North Carolina",37041,37,41,13943
"North Carolina",37043,37,43,11231
"North Carolina",37045,37,45,97947
"North Carolina",37047,37,47,55508
"North Carolina",37049,37,49,102139
"North Carolina",37051,37,51,335509
"North Carolina",37053,37,53,27763
"North Carolina",37055,37,55,37009
"North Carolina",37057,37,57,167609
"North Carolina",37059,37,59,42846
"North Carolina",37061,37,61,58741
"North Carolina",37063,37,63,321488
"North Carolina",37065,37,65,51472
"North Carolina",37067,37,67,382295
"North Carolina",37069,37,69,69685
"North Carolina",37071,37,71,224529
"North Carolina",37073,37,73,11562
"North Carolina",37075,37,75,8441
"North Carolina",37077,37,77,60443
"North Carolina",37079,37,79,21069
"North Carolina",37081,37,81,537174
"North Carolina",37083,37,83,50010
"North Carolina",37085,37,85,135976
"North Carolina",37087,37,87,62317
"North Carolina",37089,37,89,117417
"North Carolina",37091,37,91,23677
"North Carolina",37093,37,93,55234
"North Carolina",37095,37,95,4937
"North Carolina",37097,37,97,181806
"North Carolina",37099,37,99,43938
"North Carolina",37101,37,101,209339
"North Carolina",37103,37,103,9419
"North Carolina",37105,37,105,61779
"North Carolina",37107,37,107,55949
"North Carolina",37109,37,109,86111
"North Carolina",37111,37,111,45756
"North Carolina",37113,37,113,35858
"North Carolina",37115,37,115,21755
"North Carolina",37117,37,117,22440
"North Carolina",37119,37,119,1110356
"North Carolina",37121,37,121,14964
"North Carolina",37123,37,123,27173
"North Carolina",37125,37,125,100880
"North Carolina",37127,37,127,94298
"North Carolina",37129,37,129,234473
"North Carolina",37131,37,131,19483
"North Carolina",37133,37,133,197938
"North Carolina",37135,37,135,148476
"North Carolina",37137,37,137,12726
"North Carolina",37139,37,139,39824
"North Carolina",37141,37,141,63060
"North Carolina",37143,37,143,13463
"North Carolina",37145,37,145,39490
"North Carolina",37147,37,147,180742
"North Carolina",37149,37,149,20724
"North Carolina",37151,37,151,143667
"North Carolina",37153,37,153,44829
"North Carolina",37155,37,155,130625
"North Carolina",37157,37,157,91010
"North Carolina",37159,37,159,142088
"North Carolina",37161,37,161,67029
"North Carolina",37163,37,163,63531
"North Carolina",37165,37,165,34823
"North Carolina",37167,37,167,62806
"North Carolina",37169,37,169,45591
"North Carolina",37171,37,171,71783
"North Carolina",37173,37,173,14271
"North Carolina",37175,37,175,34385
"North Carolina",37177,37,177,4016
"North Carolina",37179,37,179,239859
"North Carolina",37181,37,181,44535
"North Carolina",37183,37,183,1111761
"North Carolina",37185,37,185,19731
"North Carolina",37187,37,187,11580
"North Carolina",37189,37,189,56177
"North Carolina",37191,37,191,123131
"North Carolina",37193,37,193,68412
"North Carolina",37195,37,195,81801
"North Carolina",37197,37,197,37667
"North Carolina",37199,37,199,18069
"North Dakota",38000,38,0,762062
"North Dakota",38001,38,1,2216
"North Dakota",38003,38,3,10415
"North Dakota",38005,38,5,6832
"North Dakota",38007,38,7,928
"North Dakota",38009,38,9,6282
"North Dakota",38011,38,11,3024
"North Dakota",38013,38,13,2115
"North Dakota",38015,38,15,95626
"North Dakota",38017,38,17,181923
"North Dakota",38019,38,19,3762
"North Dakota",38021,38,21,4872
"North Dakota",38023,38,23,2264
"North Dakota",38025,38,25,4424
"North Dakota",38027,38,27,2287
"North Dakota",38029,38,29,3241
"North Dakota",38031,38,31,3210
"North Dakota",38033,38,33,1761
"North Dakota",38035,38,35,69451
"North Dakota",38037,38,37,2274
"North Dakota",38039,38,39,2231
"North Dakota",38041,38,41,2499
"North Dakota",38043,38,43,2480
"North Dakota",38045,38,45,4046
"North Dakota",38047,38,47,1850
"North Dakota",38049,38,49,5745
"North Dakota",38051,38,51,2497
"North Dakota",38053,38,53,15024
"North Dakota",38055,38,55,9450
"North Dakota",38057,38,57,8187
"North Dakota",38059,38,59,31364
"North Dakota",38061,38,61,10545
"North Dakota",38063,38,63,2879
"North Dakota",38065,38,65,1959
"North Dakota",38067,38,67,6801
"North Dakota",38069,38,69,3975
"North Dakota",38071,38,71,11519
"North Dakota",38073,38,73,5218
"North Dakota",38075,38,75,2327
"North Dakota",38077,38,77,16177
"North Dakota",38079,38,79,14176
"North Dakota",38081,38,81,3898
"North Dakota",38083,38,83,1315
"North Dakota",38085,38,85,4230
"North Dakota",38087,38,87,750
"North Dakota",38089,38,89,31489
"North Dakota",38091,38,91,1890
"North Dakota",38093,38,93,20704
"North Dakota",38095,38,95,2189
"North Dakota",38097,38,97,8036
"North Dakota",38099,38,99,10641
"North Dakota",38101,38,101,67641
"North Dakota",38103,38,103,3834
"North Dakota",38105,38,105,37589
"Ohio",39000,39,0,11689100
"Ohio",39001,39,1,27698
"Ohio",39003,39,3,102351
"Ohio",39005,39,5,53484
"Ohio",39007,39,7,97241
"Ohio",39009,39,9,65327
"Ohio",39011,39,11,45656
"Ohio",39013,39,13,67006
"Ohio",39015,39,15,43432
"Ohio",39017,39,17,383134
"Ohio",39019,39,19,26914
"Ohio",39021,39,21,38885
"Ohio",39023,39,23,134083
"Ohio",39025,39,25,206428
"Ohio",39027,39,27,41968
"Ohio",39029,39,29,101883
"Ohio",39031,39,31,36600
"Ohio",39033,39,33,41494
"Ohio",39035,39,35,1235072
"Ohio",39037,39,37,51113
"Ohio",39039,39,39,38087
"Ohio",39041,39,41,209177
"Ohio",39043,39,43,74266
"Ohio",39045,39,45,157574
"Ohio",39047,39,47,28525
"Ohio",39049,39,49,1316756
"Ohio",39051,39,51,42126
"Ohio",39053,39,53,29898
"Ohio",39055,39,55,93649
"Ohio",39057,39,57,168937
"Ohio",39059,39,59,38875
"Ohio",39061,39,61,817473
"Ohio",39063,39,63,75783
"Ohio",39065,39,65,31365
"Ohio",39067,39,67,15040
"Ohio",39069,39,69,27006
"Ohio",39071,39,71,43161
"Ohio",39073,39,73,28264
"Ohio",39075,39,75,43960
"Ohio",39077,39,77,58266
"Ohio",39079,39,79,32413
"Ohio",39081,39,81,65325
"Ohio",39083,39,83,62322
"Ohio",39085,39,85,230149
"Ohio",39087,39,87,59463
"Ohio",39089,39,89,176862
"Ohio",39091,39,91,45672
"Ohio",39093,39,93,309833
"Ohio",39095,39,95,428348
"Ohio",39097,39,97,44731
"Ohio",39099,39,99,228683
"Ohio",39101,39,101,65093
"Ohio",39103,39,103,179746
"Ohio",39105,39,105,22907
"Ohio",39107,39,107,41172
"Ohio",39109,39,109,106987
"Ohio",39111,39,111,13654
"Ohio",39113,39,113,531687
"Ohio",39115,39,115,14508
"Ohio",39117,39,117,35328
"Ohio",39119,39,119,86215
"Ohio",39121,39,121,14424
"Ohio",39123,39,123,40525
"Ohio",39125,39,125,18672
"Ohio",39127,39,127,36134
"Ohio",39129,39,129,58457
"Ohio",39131,39,131,27772
"Ohio",39133,39,133,162466
"Ohio",39135,39,135,40882
"Ohio",39137,39,137,33861
"Ohio",39139,39,139,121154
"Ohio",39141,39,141,76666
"Ohio",39143,39,143,58518
"Ohio",39145,39,145,75314
"Ohio",39147,39,147,55178
"Ohio",39149,39,149,48590
"Ohio",39151,39,151,370606
"Ohio",39153,39,153,541013
"Ohio",39155,39,155,197974
"Ohio",39157,39,157,91987
"Ohio",39159,39,159,58988
"Ohio",39161,39,161,28275
"Ohio",39163,39,163,13085
"Ohio",39165,39,165,234602
"Ohio",39167,39,167,59911
"Ohio",39169,39,169,115710
"Ohio",39171,39,171,36692
"Ohio",39173,39,173,130817
"Ohio",39175,39,175,21772
"Oklahoma",40000,40,0,3956971
"Oklahoma",40001,40,1,22194
"Oklahoma",40003,40,3,5702
"Oklahoma",40005,40,5,13758
"Oklahoma",40007,40,7,5311
"Oklahoma",40009,40,9,21859
"Oklahoma",40011,40,11,9429
"Oklahoma",40013,40,13,47995
"Oklahoma",40015,40,15,28762
"Oklahoma",40017,40,17,148306
"Oklahoma",40019,40,19,48111
"Oklahoma",40021,40,21,48657
"Oklahoma",40023,40,23,14672
"Oklahoma",40025,40,25,2137
"Oklahoma",40027,40,27,284014
"Oklahoma",40029,40,29,5495
"Oklahoma",40031,40,31,120749
"Oklahoma",40033,40,33,5666
"Oklahoma",40035,40,35,14142
"Oklahoma",40037,40,37,71522
"Oklahoma",40039,40,39,29003
"Oklahoma",40041,40,41,43009
"Oklahoma",40043,40,43,4891
"Oklahoma",40045,40,45,3859
"Oklahoma",40047,40,47,61056
"Oklahoma",40049,40,49,27711
"Oklahoma",40051,40,51,55834
"Oklahoma",40053,40,53,4333
"Oklahoma",40055,40,55,5712
"Oklahoma",40057,40,57,2653
"Oklahoma",40059,40,59,3688
"Oklahoma",40061,40,61,12627
"Oklahoma",40063,40,63,13279
"Oklahoma",40065,40,65,24530
"Oklahoma",40067,40,67,6002
"Oklahoma",40069,40,69,11085
"Oklahoma",40071,40,71,43538
"Oklahoma",40073,40,73,15765
"Oklahoma",40075,40,75,8708
"Oklahoma",40077,40,77,10073
"Oklahoma",40079,40,79,49853
"Oklahoma",40081,40,81,34877
"Oklahoma",40083,40,83,48011
"Oklahoma",40085,40,85,10253
"Oklahoma",40087,40,87,40474
"Oklahoma",40089,40,89,32832
"Oklahoma",40091,40,91,19596
"Oklahoma",40093,40,93,7629
"Oklahoma",40095,40,95,16931
"Oklahoma",40097,40,97,41100
"Oklahoma",40099,40,99,14073
"Oklahoma",40101,40,101,67997
"Oklahoma",40103,40,103,11131
"Oklahoma",40105,40,105,10076
"Oklahoma",40107,40,107,11993
"Oklahoma",40109,40,109,797434
"Oklahoma",40111,40,111,38465
"Oklahoma",40113,40,113,46963
"Oklahoma",40115,40,115,31127
"Oklahoma",40117,40,117,16376
"Oklahoma",40119,40,119,81784
"Oklahoma",40121,40,121,43654
"Oklahoma",40123,40,123,38284
"Oklahoma",40125,40,125,72592
"Oklahoma",40127,40,127,11096
"Oklahoma",40129,40,129,3583
"Oklahoma",40131,40,131,92459
"Oklahoma",40133,40,133,24258
"Oklahoma",40135,40,135,41569
"Oklahoma",40137,40,137,43143
"Oklahoma",40139,40,139,19983
"Oklahoma",40141,40,141,7250
"Oklahoma",40143,40,143,651552
"Oklahoma",40145,40,145,81289
"Oklahoma",40147,40,147,51527
"Oklahoma",40149,40,149,10916
"Oklahoma",40151,40,151,8793
"Oklahoma",40153,40,153,20211
"Oregon",41000,41,0,4217737
"Oregon",41001,41,1,16124
"Oregon",41003,41,3,93053
"Oregon",41005,41,5,418187
"Oregon",41007,41,7,40224
"Oregon",41009,41,9,52354
"Oregon",41011,41,11,64487
"Oregon",41013,41,13,24404
"Oregon",41015,41,15,22925
"Oregon",41017,41,17,197692
"Oregon",41019,41,19,110980
"Oregon",41021,41,21,1912
"Oregon",41023,41,23,7199
"Oregon",41025,41,25,7393
"Oregon",41027,41,27,23382
"Oregon",41029,41,29,220944
"Oregon",41031,41,31,24658
"Oregon",41033,41,33,87487
"Oregon",41035,41,35,68238
"Oregon",41037,41,37,7869
"Oregon",41039,41,39,382067
"Oregon",41041,41,41,49962
"Oregon",41043,41,43,129749
"Oregon",41045,41,45,30571
"Oregon",41047,41,47,347818
"Oregon",41049,41,49,11603
"Oregon",41051,41,51,812855
"Oregon",41053,41,53,86085
"Oregon",41055,41,55,1780
"Oregon",41057,41,57,27036
"Oregon",41059,41,59,77950
"Oregon",41061,41,61,26835
"Oregon",41063,41,63,7208
"Oregon",41065,41,65,26682
"Oregon",41067,41,67,601592
"Oregon",41069,41,69,1332
"Oregon",41071,41,71,107100
"Pennsylvania",42000,42,0,12801989
"Pennsylvania",42001,42,1,103009
"Pennsylvania",42003,42,3,1216045
"Pennsylvania",42005,42,5,64735
"Pennsylvania",42007,42,7,163929
"Pennsylvania",42009,42,9,47888
"Pennsylvania",42011,42,11,421164
"Pennsylvania",42013,42,13,121829
"Pennsylvania",42015,42,15,60323
"Pennsylvania",42017,42,17,628270
"Pennsylvania",42019,42,19,187853
"Pennsylvania",42021,42,21,130192
"Pennsylvania",42023,42,23,4447
"Pennsylvania",42025,42,25,64182
"Pennsylvania",42027,42,27,162385
"Pennsylvania",42029,42,29,524989
"Pennsylvania",42031,42,31,38438
"Pennsylvania",42033,42,33,79255
"Pennsylvania",42035,42,35,38632
"Pennsylvania",42037,42,37,64964
"Pennsylvania",42039,42,39,84629
"Pennsylvania",42041,42,41,253370
"Pennsylvania",42043,42,43,278299
"Pennsylvania",42045,42,45,566747
"Pennsylvania",42047,42,47,29910
"Pennsylvania",42049,42,49,269728
"Pennsylvania",42051,42,51,129274
"Pennsylvania",42053,42,53,7247
"Pennsylvania",42055,42,55,155027
"Pennsylvania",42057,42,57,14530
"Pennsylvania",42059,42,59,36233
"Pennsylvania",42061,42,61,45144
"Pennsylvania",42063,42,63,84073
"Pennsylvania",42065,42,65,43425
"Pennsylvania",42067,42,67,24763
"Pennsylvania",42069,42,69,209674
"Pennsylvania",42071,42,71,545724
"Pennsylvania",42073,42,73,85512
"Pennsylvania",42075,42,75,141793
"Pennsylvania",42077,42,77,369318
"Pennsylvania",42079,42,79,317417
"Pennsylvania",42081,42,81,113299
"Pennsylvania",42083,42,83,40625
"Pennsylvania",42085,42,85,109424
"Pennsylvania",42087,42,87,46138
"Pennsylvania",42089,42,89,170271
"Pennsylvania",42091,42,91,830915
"Pennsylvania",42093,42,93,18230
"Pennsylvania",42095,42,95,305285
"Pennsylvania",42097,42,97,90843
"Pennsylvania",42099,42,99,46272
"Pennsylvania",42101,42,101,1584064
"Pennsylvania",42103,42,103,55809
"Pennsylvania",42105,42,105,16526
"Pennsylvania",42107,42,107,141359
"Pennsylvania",42109,42,109,40372
"Pennsylvania",42111,42,111,73447
"Pennsylvania",42113,42,113,6066
"Pennsylvania",42115,42,115,40328
"Pennsylvania",42117,42,117,40591
"Pennsylvania",42119,42,119,44923
"Pennsylvania",42121,42,121,50668
"Pennsylvania",42123,42,123,39191
"Pennsylvania",42125,42,125,206865
"Pennsylvania",42127,42,127,51361
"Pennsylvania",42129,42,129,348899
"Pennsylvania",42131,42,131,26794
"Pennsylvania",42133,42,133,449058
"Rhode Island",44000,44,0,1059361
"Rhode Island",44001,44,1,48479
"Rhode Island",44003,44,3,164292
"Rhode Island",44005,44,5,82082
"Rhode Island",44007,44,7,638931
"Rhode Island",44009,44,9,125577
"South Carolina",45000,45,0,5148714
"South Carolina",45001,45,1,24527
"South Carolina",45003,45,3,170872
"South Carolina",45005,45,5,8688
"South Carolina",45007,45,7,202558
"South Carolina",45009,45,9,14066
"South Carolina",45011,45,11,20866
"South Carolina",45013,45,13,192122
"South Carolina",45015,45,15,227907
"South Carolina",45017,45,17,14553
"South Carolina",45019,45,19,411406
"South Carolina",45021,45,21,57300
"South Carolina",45023,45,23,32244
"South Carolina",45025,45,25,45650
"South Carolina",45027,45,27,33745
"South Carolina",45029,45,29,37677
"South Carolina",45031,45,31,66618
"South Carolina",45033,45,33,30479
"South Carolina",45035,45,35,162809
"South Carolina",45037,45,37,27260
"South Carolina",45039,45,39,22347
"South Carolina",45041,45,41,138293
"South Carolina",45043,45,43,62680
"South Carolina",45045,45,45,523542
"South Carolina",45047,45,47,70811
"South Carolina",45049,45,49,19222
"South Carolina",45051,45,51,354081
"South Carolina",45053,45,53,30073
"South Carolina",45055,45,55,66551
"South Carolina",45057,45,57,98012
"South Carolina",45059,45,59,67493
"South Carolina",45061,45,61,16828
"South Carolina",45063,45,63,298750
"South Carolina",45065,45,65,9463
"South Carolina",45067,45,67,30657
"South Carolina",45069,45,69,26118
"South Carolina",45071,45,71,38440
"South Carolina",45073,45,73,79546
"South Carolina",45075,45,75,86175
"South Carolina",45077,45,77,126884
"South Carolina",45079,45,79,415759
"South Carolina",45081,45,81,20473
"South Carolina",45083,45,83,319785
"South Carolina",45085,45,85,106721
"South Carolina",45087,45,87,27316
"South Carolina",45089,45,89,30368
"South Carolina",45091,45,91,280979
"South Dakota",46000,46,0,884659
"South Dakota",46003,46,3,2751
"South Dakota",46005,46,5,18453
"South Dakota",46007,46,7,3365
"South Dakota",46009,46,9,6901
"South Dakota",46011,46,11,35077
"South Dakota",46013,46,13,38839
"South Dakota",46015,46,15,5297
"South Dakota",46017,46,17,1962
"South Dakota",46019,46,19,10429
"South Dakota",46021,46,21,1376
"South Dakota",46023,46,23,9292
"South Dakota",46025,46,25,3736
"South Dakota",46027,46,27,14070
"South Dakota",46029,46,29,28009
"South Dakota",46031,46,31,4086
"South Dakota",46033,46,33,8972
"South Dakota",46035,46,35,19775
"South Dakota",46037,46,37,5424
"South Dakota",46039,46,39,4351
"South Dakota",46041,46,41,5892
"South Dakota",46043,46,43,2921
"South Dakota",46045,46,45,3829
"South Dakota",46047,46,47,6713
"South Dakota",46049,46,49,2299
"South Dakota",46051,46,51,7052
"South Dakota",46053,46,53,4185
"South Dakota",46055,46,55,1899
"South Dakota",46057,46,57,6164
"South Dakota",46059,46,59,3191
"South Dakota",46061,46,61,3453
"South Dakota",46063,46,63,1298
"South Dakota",46065,46,65,17526
"South Dakota",46067,46,67,7291
"South Dakota",46069,46,69,1301
"South Dakota",46071,46,71,3344
"South Dakota",46073,46,73,2013
"South Dakota",46075,46,75,903
"South Dakota",46077,46,77,4939
"South Dakota",46079,46,79,12797
"South Dakota",46081,46,81,25844
"South Dakota",46083,46,83,61128
"South Dakota",46085,46,85,3781
"South Dakota",46087,46,87,5586
"South Dakota",46089,46,89,2379
"South Dakota",46091,46,91,4935
"South Dakota",46093,46,93,28332
"South Dakota",46095,46,95,2061
"South Dakota",46097,46,97,2216
"South Dakota",46099,46,99,193134
"South Dakota",46101,46,101,6576
"South Dakota",46102,46,102,14177
"South Dakota",46103,46,103,113775
"South Dakota",46105,46,105,2865
"South Dakota",46107,46,107,2153
"South Dakota",46109,46,109,10394
"South Dakota",46111,46,111,2344
"South Dakota",46115,46,115,6376
"South Dakota",46117,46,117,3098
"South Dakota",46119,46,119,1391
"South Dakota",46121,46,121,10177
"South Dakota",46123,46,123,5441
"South Dakota",46125,46,125,8384
"South Dakota",46127,46,127,15932
"South Dakota",46129,46,129,5435
"South Dakota",46135,46,135,22814
"South Dakota",46137,46,137,2756
"Tennessee",47000,47,0,6829174
"Tennessee",47001,47,1,76978
"Tennessee",47003,47,3,49713
"Tennessee",47005,47,5,16160
"Tennessee",47007,47,7,15064
"Tennessee",47009,47,9,133088
"Tennessee",47011,47,11,108110
"Tennessee",47013,47,13,39842
"Tennessee",47015,47,15,14678
"Tennessee",47017,47,17,27767
"Tennessee",47019,47,19,56391
"Tennessee",47021,47,21,40667
"Tennessee",47023,47,23,17297
"Tennessee",47025,47,25,31959
"Tennessee",47027,47,27,7615
"Tennessee",47029,47,29,36004
"Tennessee",47031,47,31,56520
"Tennessee",47033,47,33,14230
"Tennessee",47035,47,35,60520
"Tennessee",47037,47,37,694144
"Tennessee",47039,47,39,11663
"Tennessee",47041,47,41,20490
"Tennessee",47043,47,43,53948
"Tennessee",47045,47,45,37159
"Tennessee",47047,47,47,41133
"Tennessee",47049,47,49,18523
"Tennessee",47051,47,51,42208
"Tennessee",47053,47,53,49133
"Tennessee",47055,47,55,29464
"Tennessee",47057,47,57,23320
"Tennessee",47059,47,59,69069
"Tennessee",47061,47,61,13427
"Tennessee",47063,47,63,64934
"Tennessee",47065,47,65,367804
"Tennessee",47067,47,67,6620
"Tennessee",47069,47,69,25050
"Tennessee",47071,47,71,25652
"Tennessee",47073,47,73,56786
"Tennessee",47075,47,75,17304
"Tennessee",47077,47,77,28117
"Tennessee",47079,47,79,32345
"Tennessee",47081,47,81,25178
"Tennessee",47083,47,83,8201
"Tennessee",47085,47,85,18582
"Tennessee",47087,47,87,11786
"Tennessee",47089,47,89,54495
"Tennessee",47091,47,91,17788
"Tennessee",47093,47,93,470313
"Tennessee",47095,47,95,7016
"Tennessee",47097,47,97,25633
"Tennessee",47099,47,99,44142
"Tennessee",47101,47,101,12268
"Tennessee",47103,47,103,34366
"Tennessee",47105,47,105,54068
"Tennessee",47107,47,107,53794
"Tennessee",47109,47,109,25694
"Tennessee",47111,47,111,24602
"Tennessee",47113,47,113,97984
"Tennessee",47115,47,115,28907
"Tennessee",47117,47,117,34375
"Tennessee",47119,47,119,96387
"Tennessee",47121,47,121,12422
"Tennessee",47123,47,123,46545
"Tennessee",47125,47,125,208993
"Tennessee",47127,47,127,6488
"Tennessee",47129,47,129,21403
"Tennessee",47131,47,131,30069
"Tennessee",47133,47,133,22241
"Tennessee",47135,47,135,8076
"Tennessee",47137,47,137,5048
"Tennessee",47139,47,139,16832
"Tennessee",47141,47,141,80245
"Tennessee",47143,47,143,33167
"Tennessee",47145,47,145,53382
"Tennessee",47147,47,147,71813
"Tennessee",47149,47,149,332285
"Tennessee",47151,47,151,22068
"Tennessee",47153,47,153,15026
"Tennessee",47155,47,155,98250
"Tennessee",47157,47,157,937166
"Tennessee",47159,47,159,20157
"Tennessee",47161,47,161,13715
"Tennessee",47163,47,163,158348
"Tennessee",47165,47,165,191283
"Tennessee",47167,47,167,61599
"Tennessee",47169,47,169,11284
"Tennessee",47171,47,171,17883
"Tennessee",47173,47,173,19972
"Tennessee",47175,47,175,5872
"Tennessee",47177,47,177,41277
"Tennessee",47179,47,179,129375
"Tennessee",47181,47,181,16673
"Tennessee",47183,47,183,33328
"Tennessee",47185,47,185,27345
"Tennessee",47187,47,187,238412
"Tennessee",47189,47,189,144657
"Texas",48000,48,0,28995881
"Texas",48001,48,1,57735
"Texas",48003,48,3,18705
"Texas",48005,48,5,86715
"Texas",48007,48,7,23510
"Texas",48009,48,9,8553
"Texas",48011,48,11,1887
"Texas",48013,48,13,51153
"Texas",48015,48,15,30032
"Texas",48017,48,17,7000
"Texas",48019,48,19,23112
"Texas",48021,48,21,88723
"Texas",48023,48,23,3509
"Texas",48025,48,25,32565
"Texas",48027,48,27,362924
"Texas",48029,48,29,2003554
"Texas",48031,48,31,11931
"Texas",48033,48,33,654
"Texas",48035,48,35,18685
"Texas",48037,48,37,93245
"Texas",48039,48,39,374264
"Texas",48041,48,41,229211
"Texas",48043,48,43,9203
"Texas",48045,48,45,1546
"Texas",48047,48,47,7093
"Texas",48049,48,49,37864
"Texas",48051,48,51,18443
"Texas",48053,48,53,48155
"Texas",48055,48,55,43664
"Texas",48057,48,57,21290
"Texas",48059,48,59,13943
"Texas",48061,48,61,423163
"Texas",48063,48,63,13094
"Texas",48065,48,65,5926
"Texas",48067,48,67,30026
"Texas",48069,48,69,7530
"Texas",48071,48,71,43837
"Texas",48073,48,73,52646
"Texas",48075,48,75,7306
"Texas",48077,48,77,10471
"Texas",48079,48,79,2853
"Texas",48081,48,81,3387
"Texas",48083,48,83,8175
"Texas",48085,48,85,1034730
"Texas",48087,48,87,2920
"Texas",48089,48,89,21493
"Texas",48091,48,91,156209
"Texas",48093,48,93,13635
"Texas",48095,48,95,2726
"Texas",48097,48,97,41257
"Texas",48099,48,99,75951
"Texas",48101,48,101,1398
"Texas",48103,48,103,4797
"Texas",48105,48,105,3464
"Texas",48107,48,107,5737
"Texas",48109,48,109,2171
"Texas",48111,48,111,7287
"Texas",48113,48,113,2635516
"Texas",48115,48,115,12728
"Texas",48117,48,117,18546
"Texas",48119,48,119,5331
"Texas",48121,48,121,887207
"Texas",48123,48,123,20160
"Texas",48125,48,125,2211
"Texas",48127,48,127,10124
"Texas",48129,48,129,3278
"Texas",48131,48,131,11157
"Texas",48133,48,133,18360
"Texas",48135,48,135,166223
"Texas",48137,48,137,1932
"Texas",48139,48,139,184826
"Texas",48141,48,141,839238
"Texas",48143,48,143,42698
"Texas",48145,48,145,17297
"Texas",48147,48,147,35514
"Texas",48149,48,149,25346
"Texas",48151,48,151,3830
"Texas",48153,48,153,5712
"Texas",48155,48,155,1155
"Texas",48157,48,157,811688
"Texas",48159,48,159,10725
"Texas",48161,48,161,19717
"Texas",48163,48,163,20306
"Texas",48165,48,165,21492
"Texas",48167,48,167,342139
"Texas",48169,48,169,6229
"Texas",48171,48,171,26988
"Texas",48173,48,173,1409
"Texas",48175,48,175,7658
"Texas",48177,48,177,20837
"Texas",48179,48,179,21886
"Texas",48181,48,181,136212
"Texas",48183,48,183,123945
"Texas",48185,48,185,28880
"Texas",48187,48,187,166847
"Texas",48189,48,189,33406
"Texas",48191,48,191,2964
"Texas",48193,48,193,8461
"Texas",48195,48,195,5399
"Texas",48197,48,197,3933
"Texas",48199,48,199,57602
"Texas",48201,48,201,4713325
"Texas",48203,48,203,66553
"Texas",48205,48,205,5576
"Texas",48207,48,207,5658
"Texas",48209,48,209,230191
"Texas",48211,48,211,3819
"Texas",48213,48,213,82737
"Texas",48215,48,215,868707
"Texas",48217,48,217,36649
"Texas",48219,48,219,23021
"Texas",48221,48,221,61643
"Texas",48223,48,223,37084
"Texas",48225,48,225,22968
"Texas",48227,48,227,36664
"Texas",48229,48,229,4886
"Texas",48231,48,231,98594
"Texas",48233,48,233,20938
"Texas",48235,48,235,1536
"Texas",48237,48,237,8935
"Texas",48239,48,239,14760
"Texas",48241,48,241,35529
"Texas",48243,48,243,2274
"Texas",48245,48,245,251565
"Texas",48247,48,247,5200
"Texas",48249,48,249,40482
"Texas",48251,48,251,175817
"Texas",48253,48,253,20083
"Texas",48255,48,255,15601
"Texas",48257,48,257,136154
"Texas",48259,48,259,47431
"Texas",48261,48,261,404
"Texas",48263,48,263,762
"Texas",48265,48,265,52600
"Texas",48267,48,267,4337
"Texas",48269,48,269,272
"Texas",48271,48,271,3667
"Texas",48273,48,273,30680
"Texas",48275,48,275,3664
"Texas",48277,48,277,49859
"Texas",48279,48,279,12893
"Texas",48281,48,281,21428
"Texas",48283,48,283,7520
"Texas",48285,48,285,20154
"Texas",48287,48,287,17239
"Texas",48289,48,289,17404
"Texas",48291,48,291,88219
"Texas",48293,48,293,23437
"Texas",48295,48,295,3233
"Texas",48297,48,297,12207
"Texas",48299,48,299,21795
"Texas",48301,48,301,169
"Texas",48303,48,303,310569
"Texas",48305,48,305,5951
"Texas",48307,48,307,7984
"Texas",48309,48,309,256623
"Texas",48311,48,311,743
"Texas",48313,48,313,14284
"Texas",48315,48,315,9854
"Texas",48317,48,317,5771
"Texas",48319,48,319,4274
"Texas",48321,48,321,36643
"Texas",48323,48,323,58722
"Texas",48325,48,325,51584
"Texas",48327,48,327,2138
"Texas",48329,48,329,176832
"Texas",48331,48,331,24823
"Texas",48333,48,333,4873
"Texas",48335,48,335,8545
"Texas",48337,48,337,19818
"Texas",48339,48,339,607391
"Texas",48341,48,341,20940
"Texas",48343,48,343,12388
"Texas",48345,48,345,1200
"Texas",48347,48,347,65204
"Texas",48349,48,349,50113
"Texas",48351,48,351,13595
"Texas",48353,48,353,14714
"Texas",48355,48,355,362294
"Texas",48357,48,357,9836
"Texas",48359,48,359,2112
"Texas",48361,48,361,83396
"Texas",48363,48,363,29189
"Texas",48365,48,365,23194
"Texas",48367,48,367,142878
"Texas",48369,48,369,9605
"Texas",48371,48,371,15823
"Texas",48373,48,373,51353
"Texas",48375,48,375,117415
"Texas",48377,48,377,6704
"Texas",48379,48,379,12514
"Texas",48381,48,381,137713
"Texas",48383,48,383,3849
"Texas",48385,48,385,3452
"Texas",48387,48,387,12023
"Texas",48389,48,389,15976
"Texas",48391,48,391,6948
"Texas",48393,48,393,854
"Texas",48395,48,395,17074
"Texas",48397,48,397,104915
"Texas",48399,48,399,10264
"Texas",48401,48,401,54406
"Texas",48403,48,403,10542
"Texas",48405,48,405,8237
"Texas",48407,48,407,28859
"Texas",48409,48,409,66730
"Texas",48411,48,411,6055
"Texas",48413,48,413,2793
"Texas",48415,48,415,16703
"Texas",48417,48,417,3265
"Texas",48419,48,419,25274
"Texas",48421,48,421,3022
"Texas",48423,48,423,232751
"Texas",48425,48,425,9128
"Texas",48427,48,427,64633
"Texas",48429,48,429,9366
"Texas",48431,48,431,1291
"Texas",48433,48,433,1350
"Texas",48435,48,435,3776
"Texas",48437,48,437,7397
"Texas",48439,48,439,2102515
"Texas",48441,48,441,138034
"Texas",48443,48,443,776
"Texas",48445,48,445,12337
"Texas",48447,48,447,1501
"Texas",48449,48,449,32750
"Texas",48451,48,451,119200
"Texas",48453,48,453,1273954
"Texas",48455,48,455,14651
"Texas",48457,48,457,21672
"Texas",48459,48,459,41753
"Texas",48461,48,461,3657
"Texas",48463,48,463,26741
"Texas",48465,48,465,49025
"Texas",48467,48,467,56590
"Texas",48469,48,469,92084
"Texas",48471,48,471,72971
"Texas",48473,48,473,55246
"Texas",48475,48,475,11998
"Texas",48477,48,477,35882
"Texas",48479,48,479,276652
"Texas",48481,48,481,41556
"Texas",48483,48,483,5056
"Texas",48485,48,485,132230
"Texas",48487,48,487,12769
"Texas",48489,48,489,21358
"Texas",48491,48,491,590551
"Texas",48493,48,493,51070
"Texas",48495,48,495,8010
"Texas",48497,48,497,69984
"Texas",48499,48,499,45539
"Texas",48501,48,501,8713
"Texas",48503,48,503,18010
"Texas",48505,48,505,14179
"Texas",48507,48,507,11840
"Utah",49000,49,0,3205958
"Utah",49001,49,1,6710
"Utah",49003,49,3,56046
"Utah",49005,49,5,128289
"Utah",49007,49,7,20463
"Utah",49009,49,9,950
"Utah",49011,49,11,355481
"Utah",49013,49,13,19938
"Utah",49015,49,15,10012
"Utah",49017,49,17,5051
"Utah",49019,49,19,9754
"Utah",49021,49,21,54839
"Utah",49023,49,23,12017
"Utah",49025,49,25,7886
"Utah",49027,49,27,13188
"Utah",49029,49,29,12124
"Utah",49031,49,31,1479
"Utah",49033,49,33,2483
"Utah",49035,49,35,1160437
"Utah",49037,49,37,15308
"Utah",49039,49,39,30939
"Utah",49041,49,41,21620
"Utah",49043,49,43,42145
"Utah",49045,49,45,72259
"Utah",49047,49,47,35734
"Utah",49049,49,49,636235
"Utah",49051,49,51,34091
"Utah",49053,49,53,177556
"Utah",49055,49,55,2711
"Utah",49057,49,57,260213
"Vermont",50000,50,0,623989
"Vermont",50001,50,1,36777
"Vermont",50003,50,3,35470
"Vermont",50005,50,5,29993
"Vermont",50007,50,7,163774
"Vermont",50009,50,9,6163
"Vermont",50011,50,11,49402
"Vermont",50013,50,13,7235
"Vermont",50015,50,15,25362
"Vermont",50017,50,17,28892
"Vermont",50019,50,19,27037
"Vermont",50021,50,21,58191
"Vermont",50023,50,23,58409
"Vermont",50025,50,25,42222
"Vermont",50027,50,27,55062
"Virginia",51000,51,0,8535519
"Virginia",51001,51,1,32316
"Virginia",51003,51,3,109330
"Virginia",51005,51,5,14860
"Virginia",51007,51,7,13145
"Virginia",51009,51,9,31605
"Virginia",51011,51,11,15911
"Virginia",51013,51,13,236842
"Virginia",51015,51,15,75558
"Virginia",51017,51,17,4147
"Virginia",51019,51,19,78997
"Virginia",51021,51,21,6280
"Virginia",51023,51,23,33419
"Virginia",51025,51,25,16231
"Virginia",51027,51,27,21004
"Virginia",51029,51,29,17148
"Virginia",51031,51,31,54885
"Virginia",51033,51,33,30725
"Virginia",51035,51,35,29791
"Virginia",51036,51,36,6963
"Virginia",51037,51,37,11880
"Virginia",51041,51,41,352802
"Virginia",51043,51,43,14619
"Virginia",51045,51,45,5131
"Virginia",51047,51,47,52605
"Virginia",51049,51,49,9932
"Virginia",51051,51,51,14318
"Virginia",51053,51,53,28544
"Virginia",51057,51,57,10953
"Virginia",51059,51,59,1147532
"Virginia",51061,51,61,71222
"Virginia",51063,51,63,15749
"Virginia",51065,51,65,27270
"Virginia",51067,51,67,56042
"Virginia",51069,51,69,89313
"Virginia",51071,51,71,16720
"Virginia",51073,51,73,37348
"Virginia",51075,51,75,23753
"Virginia",51077,51,77,15550
"Virginia",51079,51,79,19819
"Virginia",51081,51,81,11336
"Virginia",51083,51,83,33911
"Virginia",51085,51,85,107766
"Virginia",51087,51,87,330818
"Virginia",51089,51,89,50557
"Virginia",51091,51,91,2190
"Virginia",51093,51,93,37109
"Virginia",51095,51,95,76523
"Virginia",51097,51,97,7025
"Virginia",51099,51,99,26836
"Virginia",51101,51,101,17148
"Virginia",51103,51,103,10603
"Virginia",51105,51,105,23423
"Virginia",51107,51,107,413538
"Virginia",51109,51,109,37591
"Virginia",51111,51,111,12196
"Virginia",51113,51,113,13261
"Virginia",51115,51,115,8834
"Virginia",51117,51,117,30587
"Virginia",51119,51,119,10582
"Virginia",51121,51,121,98535
"Virginia",51125,51,125,14930
"Virginia",51127,51,127,23091
"Virginia",51131,51,131,11710
"Virginia",51133,51,133,12095
"Virginia",51135,51,135,15232
"Virginia",51137,51,137,37051
"Virginia",51139,51,139,23902
"Virginia",51141,51,141,17608
"Virginia",51143,51,143,60354
"Virginia",51145,51,145,29652
"Virginia",51147,51,147,22802
"Virginia",51149,51,149,38353
"Virginia",51153,51,153,470335
"Virginia",51155,51,155,34027
"Virginia",51157,51,157,7370
"Virginia",51159,51,159,9023
"Virginia",51161,51,161,94186
"Virginia",51163,51,163,22573
"Virginia",51165,51,165,81948
"Virginia",51167,51,167,26586
"Virginia",51169,51,169,21566
"Virginia",51171,51,171,43616
"Virginia",51173,51,173,30104
"Virginia",51175,51,175,17631
"Virginia",51177,51,177,136215
"Virginia",51179,51,179,152882
"Virginia",51181,51,181,6422
"Virginia",51183,51,183,11159
"Virginia",51185,51,185,40595
"Virginia",51187,51,187,40164
"Virginia",51191,51,191,53740
"Virginia",51193,51,193,18015
"Virginia",51195,51,195,37383
"Virginia",51197,51,197,28684
"Virginia",51199,51,199,68280
"Virginia",51510,51,510,159428
"Virginia",51520,51,520,16762
"Virginia",51530,51,530,6478
"Virginia",51540,51,540,47266
"Virginia",51550,51,550,244835
"Virginia",51570,51,570,17370
"Virginia",51580,51,580,5538
"Virginia",51590,51,590,40044
"Virginia",51595,51,595,5346
"Virginia",51600,51,600,24019
"Virginia",51610,51,610,14617
"Virginia",51620,51,620,7967
"Virginia",51630,51,630,29036
"Virginia",51640,51,640,6347
"Virginia",51650,51,650,134510
"Virginia",51660,51,660,53016
"Virginia",51670,51,670,22529
"Virginia",51678,51,678,7446
"Virginia",51680,51,680,82168
"Virginia",51683,51,683,41085
"Virginia",51685,51,685,17478
"Virginia",51690,51,690,12554
"Virginia",51700,51,700,179225
"Virginia",51710,51,710,242742
"Virginia",51720,51,720,3981
"Virginia",51730,51,730,31346
"Virginia",51735,51,735,12271
"Virginia",51740,51,740,94398
"Virginia",51750,51,750,18249
"Virginia",51760,51,760,230436
"Virginia",51770,51,770,99143
"Virginia",51775,51,775,25301
"Virginia",51790,51,790,24932
"Virginia",51800,51,800,92108
"Virginia",51810,51,810,449974
"Virginia",51820,51,820,22630
"Virginia",51830,51,830,14954
"Virginia",51840,51,840,28078
"Washington",53000,53,0,7614893
"Washington",53001,53,1,19983
"Washington",53003,53,3,22582
"Washington",53005,53,5,204390
"Washington",53007,53,7,77200
"Washington",53009,53,9,77331
"Washington",53011,53,11,488241
"Washington",53013,53,13,3985
"Washington",53015,53,15,110593
"Washington",53017,53,17,43429
"Washington",53019,53,19,7627
"Washington",53021,53,21,95222
"Washington",53023,53,23,2225
"Washington",53025,53,25,97733
"Washington",53027,53,27,75061
"Washington",53029,53,29,85141
"Washington",53031,53,31,32221
"Washington",53033,53,33,2252782
"Washington",53035,53,35,271473
"Washington",53037,53,37,47935
"Washington",53039,53,39,22425
"Washington",53041,53,41,80707
"Washington",53043,53,43,10939
"Washington",53045,53,45,66768
"Washington",53047,53,47,42243
"Washington",53049,53,49,22471
"Washington",53051,53,51,13724
"Washington",53053,53,53,904980
"Washington",53055,53,55,17582
"Washington",53057,53,57,129205
"Washington",53059,53,59,12083
"Washington",53061,53,61,822083
"Washington",53063,53,63,522798
"Washington",53065,53,65,45723
"Washington",53067,53,67,290536
"Washington",53069,53,69,4488
"Washington",53071,53,71,60760
"Washington",53073,53,73,229247
"Washington",53075,53,75,50104
"Washington",53077,53,77,250873
"West Virginia",54000,54,0,1792147
"West Virginia",54001,54,1,16441
"West Virginia",54003,54,3,119171
"West Virginia",54005,54,5,21457
"West Virginia",54007,54,7,13957
"West Virginia",54009,54,9,21939
"West Virginia",54011,54,11,91945
"West Virginia",54013,54,13,7109
"West Virginia",54015,54,15,8508
"West Virginia",54017,54,17,8448
"West Virginia",54019,54,19,42406
"West Virginia",54021,54,21,7823
"West Virginia",54023,54,23,11568
"West Virginia",54025,54,25,34662
"West Virginia",54027,54,27,23175
"West Virginia",54029,54,29,28810
"West Virginia",54031,54,31,13776
"West Virginia",54033,54,33,67256
"West Virginia",54035,54,35,28576
"West Virginia",54037,54,37,57146
"West Virginia",54039,54,39,178124
"West Virginia",54041,54,41,15907
"West Virginia",54043,54,43,20409
"West Virginia",54045,54,45,32019
"West Virginia",54047,54,47,17624
"West Virginia",54049,54,49,56072
"West Virginia",54051,54,51,30531
"West Virginia",54053,54,53,26516
"West Virginia",54055,54,55,58758
"West Virginia",54057,54,57,26868
"West Virginia",54059,54,59,23424
"West Virginia",54061,54,61,105612
"West Virginia",54063,54,63,13275
"West Virginia",54065,54,65,17884
"West Virginia",54067,54,67,24496
"West Virginia",54069,54,69,41411
"West Virginia",54071,54,71,6969
"West Virginia",54073,54,73,7460
"West Virginia",54075,54,75,8247
"West Virginia",54077,54,77,33432
"West Virginia",54079,54,79,56450
"West Virginia",54081,54,81,73361
"West Virginia",54083,54,83,28695
"West Virginia",54085,54,85,9554
"West Virginia",54087,54,87,13688
"West Virginia",54089,54,89,12573
"West Virginia",54091,54,91,16695
"West Virginia",54093,54,93,6839
"West Virginia",54095,54,95,8591
"West Virginia",54097,54,97,24176
"West Virginia",54099,54,99,39402
"West Virginia",54101,54,101,8114
"West Virginia",54103,54,103,15065
"West Virginia",54105,54,105,5821
"West Virginia",54107,54,107,83518
"West Virginia",54109,54,109,20394
"Wisconsin",55000,55,0,5822434
"Wisconsin",55001,55,1,20220
"Wisconsin",55003,55,3,15562
"Wisconsin",55005,55,5,45244
"Wisconsin",55007,55,7,15036
"Wisconsin",55009,55,9,264542
"Wisconsin",55011,55,11,13031
"Wisconsin",55013,55,13,15414
"Wisconsin",55015,55,15,50089
"Wisconsin",55017,55,17,64658
"Wisconsin",55019,55,19,34774
"Wisconsin",55021,55,21,57532
"Wisconsin",55023,55,23,16131
"Wisconsin",55025,55,25,546695
"Wisconsin",55027,55,27,87839
"Wisconsin",55029,55,29,27668
"Wisconsin",55031,55,31,43150
"Wisconsin",55033,55,33,45368
"Wisconsin",55035,55,35,104646
"Wisconsin",55037,55,37,4295
"Wisconsin",55039,55,39,103403
"Wisconsin",55041,55,41,9004
"Wisconsin",55043,55,43,51439
"Wisconsin",55045,55,45,36960
"Wisconsin",55047,55,47,18913
"Wisconsin",55049,55,49,23678
"Wisconsin",55051,55,51,5687
"Wisconsin",55053,55,53,20643
"Wisconsin",55055,55,55,84769
"Wisconsin",55057,55,57,26687
"Wisconsin",55059,55,59,169561
"Wisconsin",55061,55,61,20434
"Wisconsin",55063,55,63,118016
"Wisconsin",55065,55,65,16665
"Wisconsin",55067,55,67,19189
"Wisconsin",55069,55,69,27593
"Wisconsin",55071,55,71,78981
"Wisconsin",55073,55,73,135692
"Wisconsin",55075,55,75,40350
"Wisconsin",55077,55,77,15574
"Wisconsin",55078,55,78,4556
"Wisconsin",55079,55,79,945726
"Wisconsin",55081,55,81,46253
"Wisconsin",55083,55,83,37930
"Wisconsin",55085,55,85,35595
"Wisconsin",55087,55,87,187885
"Wisconsin",55089,55,89,89221
"Wisconsin",55091,55,91,7287
"Wisconsin",55093,55,93,42754
"Wisconsin",55095,55,95,43783
"Wisconsin",55097,55,97,70772
"Wisconsin",55099,55,99,13351
"Wisconsin",55101,55,101,196311
"Wisconsin",55103,55,103,17252
"Wisconsin",55105,55,105,163354
"Wisconsin",55107,55,107,14178
"Wisconsin",55109,55,109,90687
"Wisconsin",55111,55,111,64442
"Wisconsin",55113,55,113,16558
"Wisconsin",55115,55,115,40899
"Wisconsin",55117,55,117,115340
"Wisconsin",55119,55,119,20343
"Wisconsin",55121,55,121,29649
"Wisconsin",55123,55,123,30822
"Wisconsin",55125,55,125,22195
"Wisconsin",55127,55,127,103868
"Wisconsin",55129,55,129,15720
"Wisconsin",55131,55,131,136034
"Wisconsin",55133,55,133,404198
"Wisconsin",55135,55,135,50990
"Wisconsin",55137,55,137,24443
"Wisconsin",55139,55,139,171907
"Wisconsin",55141,55,141,72999
"Wyoming",56000,56,0,578759
"Wyoming",56001,56,1,38880
"Wyoming",56003,56,3,11790
"Wyoming",56005,56,5,46341
"Wyoming",56007,56,7,14800
"Wyoming",56009,56,9,13822
"Wyoming",56011,56,11,7584
"Wyoming",56013,56,13,39261
"Wyoming",56015,56,15,13211
"Wyoming",56017,56,17,4413
"Wyoming",56019,56,19,8445
"Wyoming",56021,56,21,99500
"Wyoming",56023,56,23,19830
"Wyoming",56025,56,25,79858
"Wyoming",56027,56,27,2356
"Wyoming",56029,56,29,29194
"Wyoming",56031,56,31,8393
"Wyoming",56033,56,33,30485
"Wyoming",56035,56,35,9831
"Wyoming",56037,56,37,42343
"Wyoming",56039,56,39,23464
"Wyoming",56041,56,41,20226
"Wyoming",56043,56,43,7805
"Wyoming",56045,56,45,6927
